seed,final_score,max_combo,hands_played,pieces_placed,avg_move_time_sec,total_move_time_sec
5000,22682,66,46,138,0.07529968476267235,3.5390851838456
5001,17764,37,88,264,0.06096774605599891,5.426129398983903
5002,4546,27,23,69,0.06344742724953296,1.5227382539887913
5003,4544,23,31,93,0.06080255190590833,1.9456816609890666
5004,2347,16,22,66,0.05857165648004688,1.3471480990410782
5005,16825,36,78,234,0.06001159030121834,4.740915633796249
5006,6260,34,25,75,0.06322082124417648,1.580520531104412
5007,16400,40,68,204,0.060848197984117745,4.198525660904124
5008,12768,36,70,210,0.05907263760668108,4.194157270074356
5009,26684,69,65,195,0.059464003180354746,3.9246242099034134
5010,17117,33,86,258,0.057833814413096735,5.031541853939416
5011,5366,26,33,99,0.0528633593220387,1.7973542169493157
5012,3016,12,35,105,0.05027493249751084,1.8098975699103903
5013,90054,88,223,669,0.05764007859917391,12.911377606214955
5014,1208,14,11,33,0.051374280078258984,0.6164913609391078
5015,50958,92,100,300,0.06290399598932853,6.353303594922181
5016,5197,18,39,117,0.062227362773410275,2.489094510936411
5017,4116,19,27,81,0.06313007989540763,1.7676422370714135
5018,22984,64,55,165,0.056321965944204876,3.154030092875473
5019,26009,38,110,330,0.05710504180987718,6.338659640896367
5020,51035,56,170,510,0.06099698550802416,10.430484521872131
5021,23113,44,107,321,0.05644565287015953,6.096130509977229
5022,367,7,7,21,0.06371825199676096,0.5097460159740876
5023,8161,36,39,117,0.06216110454988666,2.4864441819954664
5024,821,10,12,36,0.057848413624854475,0.7520293771231081
5025,1199,13,15,45,0.05306792987175868,0.8490868779481389
5026,4932,30,23,69,0.051337622166708265,1.2321029320009984
5027,12143,42,53,159,0.05901532451766629,3.18682752395398
5028,11891,43,42,126,0.06141369497988287,2.640788884134963
5029,4219,23,31,93,0.05861742921570112,1.875757734902436
5030,2500,21,15,45,0.06075246906402754,0.9720395050244406
5031,10325,43,35,105,0.06918508625191559,2.490663105068961
5032,14681,41,53,159,0.06196547281676127,3.3461355321051087
5033,2271,20,14,42,0.057201048739564914,0.8580157310934737
5034,19849,36,94,282,0.06103313766376998,5.798148078058148
5035,4393,28,23,69,0.06222756412656357,1.4934615390375257
5036,16335,49,57,171,0.063761771483957,3.698182746069506
5037,2105,19,15,45,0.05423427362802613,0.8677483780484181
5038,22196,58,60,180,0.05751684614644218,3.508527614932973
5039,11623,36,54,162,0.05983424129133875,3.290883271023631
5040,282,5,8,24,0.071122452222173,0.640102069999557
5041,15169,53,43,129,0.06374562938964862,2.8048076931445394
5042,22267,44,96,288,0.0631405752786488,6.1246358020289335
5043,12568,32,66,198,0.05734238489365914,3.8419397878751624
5044,3524,17,32,96,0.061402682028887226,2.0262885069532786
5045,805,11,11,33,0.058910022455331106,0.6480102470086422
5046,27233,52,81,243,0.06160866117272412,5.051910216163378
5047,7639,26,46,138,0.05926348646964006,2.785383864073083
5048,34154,68,113,339,0.051363804869317006,5.855473755102139
5049,10302,44,32,96,0.05373256593840338,1.7731746759673115
5050,1809,17,15,45,0.060243705060202046,0.9638992809632327
5051,69914,47,292,876,0.060432909253019994,17.706842411134858
5052,3819,24,23,69,0.05405774195727039,1.2973858069744892
5053,12534,47,40,120,0.06205678646305076,2.5443282449850813
5054,2309,15,22,66,0.059437460391326684,1.3670615890005138
5055,6944,33,37,111,0.06049495142054327,2.2988081539806444
5056,30101,58,86,258,0.06355903029639873,5.52963563578669
5057,79095,81,204,612,0.061857517887894974,12.68079116701847
5058,25214,58,100,300,0.06315182897234613,6.378334726206958
5059,799,9,11,33,0.058589128168629635,0.7030695380235557
5060,1184,13,14,42,0.06089250049678542,0.8524950069549959
5061,9041,21,63,189,0.055734049125021556,3.5669791440013796
5062,24813,61,79,237,0.06527148628301802,5.221718902641442
5063,4091,26,24,72,0.062173756520496684,1.554343913012417
5064,904,12,10,30,0.0626128831777764,0.6887417149555404
5065,18606,37,90,270,0.061517368837395316,5.598080564202974
5066,26850,72,46,138,0.060589774086962436,2.8477193820872344
5067,4775,26,32,96,0.05704662099985095,1.8825384929950815
5068,7686,24,47,141,0.0579077441446619,2.779571718943771
5069,3786,20,30,90,0.06287492032260483,1.94912253000075
5070,36211,64,107,321,0.06384734255563537,6.89551299600862
5071,8586,33,38,114,0.06253664189567551,2.4389290339313447
5072,3222,24,17,51,0.05296631050360803,0.9533935890649445
5073,29495,67,98,294,0.061344182575027446,6.0730740749277174
5074,4095,17,36,108,0.0635959015391465,2.3530483569484204
5075,12493,30,69,207,0.0647095252593447,4.529666768154129
5076,3243,21,23,69,0.06630160116886448,1.5912384280527476
5077,12438,39,58,174,0.0617254918635871,3.580078528088052
5078,4428,27,24,72,0.060857882597483696,1.5214470649370924
5079,6716,18,56,168,0.06714972911766126,3.8275345597066917
5080,22992,62,59,177,0.05936926224821946,3.5621557348931674
5081,27785,48,104,312,0.06211167792318433,6.521726181934355
5082,4549,28,25,75,0.06385884619465707,1.6603300010610837
5083,5252,30,26,78,0.06118297006792596,1.6519401918340009
5084,8886,28,55,165,0.062425868515544734,3.4958486368705053
5085,23811,58,69,207,0.06023673995680708,4.2165717969764955
5086,15316,54,37,111,0.05806867679041859,2.2066097180359066
5087,8212,25,46,138,0.06244455585058065,2.9348941249772906
5088,16164,51,55,165,0.06466820255185926,3.621419342904119
5089,32513,54,88,264,0.061244430573751334,5.450754321063869
5090,31292,64,97,291,0.06393680174547552,6.265806571056601
5091,85946,71,230,690,0.0620453507702211,14.332476027921075
5092,1051,13,11,33,0.05042201341226852,0.6050641609472223
5093,16733,55,49,147,0.0691720391617855,3.4586019580892753
5094,40727,57,123,369,0.06534189267826619,8.102394692105008
5095,3690,16,32,96,0.06429754606285838,2.1218190200743265
5096,108683,116,188,564,0.06399780708484021,12.0955855390348
5097,7201,35,34,102,0.06955524851884028,2.4344336981594097
5098,681,9,11,33,0.06690262133148887,0.8028314559778664
5099,14222,38,61,183,0.06385894622578617,3.959254665998742
