episode,score,steps,epsilon,lr,beta,loss,avg_v,grad_norm,clear_frac
205001,5997,110,0.1000,0.00000500,0.0000,38.0111,2982.9474,0.0000,0.9996
205002,1886,48,0.1000,0.00000500,0.0000,55.8562,2967.0887,0.0000,0.9850
205003,780,30,0.1000,0.00000500,0.0000,61.0344,2945.5416,0.0000,0.9792
205004,628,33,0.1000,0.00000500,0.0000,47.1412,2913.8461,0.0000,0.9706
205005,1610,48,0.1000,0.00000500,0.0000,36.4249,2960.7881,0.0000,0.9857
205006,1918,60,0.1000,0.00000500,0.0000,38.5237,2962.2435,0.0000,0.9776
205007,1640,48,0.1000,0.00000500,0.0000,38.9699,2975.9029,0.0000,0.9805
205008,217,15,0.1000,0.00000500,0.0000,43.8409,2915.2169,0.0000,0.9854
205009,2155,75,0.1000,0.00000500,0.0000,38.8831,2955.9986,0.0000,0.9867
205010,357,18,0.1000,0.00000500,0.0000,50.4293,2938.4353,0.0000,0.9792
205011,1268,42,0.1000,0.00000500,0.0000,43.1666,2956.5285,0.0000,0.9866
205012,1558,57,0.1000,0.00000500,0.0000,44.5005,2974.8455,0.0000,0.9841
205013,3217,87,0.1000,0.00000500,0.0000,30.7996,2984.0342,0.0000,0.9846
205014,2936,69,0.1000,0.00000500,0.0000,30.1236,2993.9382,0.0000,0.9792
205015,707,42,0.1000,0.00000500,0.0000,26.1970,2926.9320,0.0000,0.9859
205016,901,27,0.1000,0.00000500,0.0000,26.1926,2963.7907,0.0000,0.9803
205017,588,41,0.1000,0.00000500,0.0000,31.7818,2905.2999,0.0000,0.9817
205018,5930,150,0.1000,0.00000500,0.0000,30.3860,2988.4136,0.0000,0.9835
205019,417,28,0.1000,0.00000500,0.0000,29.9210,2922.7264,0.0000,0.9810
205020,795,30,0.1000,0.00000500,0.0000,34.4026,2971.7931,0.0000,0.9740
205021,64,9,0.1000,0.00000500,0.0000,34.4299,2857.8436,0.0000,0.9861
205022,916,42,0.1000,0.00000500,0.0000,34.2760,2969.6199,0.0000,0.9821
205023,450,23,0.1000,0.00000500,0.0000,33.0527,2941.0541,0.0000,0.9715
205024,449,21,0.1000,0.00000500,0.0000,33.5685,2925.1616,0.0000,0.9777
205025,1971,60,0.1000,0.00000500,0.0000,28.3136,3004.3393,0.0000,0.9792
205026,1098,46,0.1000,0.00000500,0.0000,35.7412,2957.7464,0.0000,0.9694
205027,2051,57,0.1000,0.00000500,0.0000,26.5671,2994.7935,0.0000,0.9786
205028,1856,69,0.1000,0.00000500,0.0000,25.2535,2953.4520,0.0000,0.9801
205029,2646,60,0.1000,0.00000500,0.0000,29.5845,3006.9169,0.0000,0.9792
205030,790,30,0.1000,0.00000500,0.0000,22.6174,2951.9265,0.0000,0.9802
205031,4299,90,0.1000,0.00000500,0.0000,30.9071,3014.5984,0.0000,0.9792
205032,6579,72,0.1000,0.00000500,0.0000,38.4585,3082.0977,0.0000,0.9766
205033,1785,54,0.1000,0.00000500,0.0000,31.4389,2990.7758,0.0000,0.9745
205034,1133,44,0.1000,0.00000500,0.0000,30.2544,2956.7596,0.0000,0.9808
205035,114,12,0.1000,0.00000500,0.0000,44.1187,2915.2941,0.0000,0.9766
205036,2653,75,0.1000,0.00000500,0.0000,34.0054,2983.3704,0.0000,0.9779
205037,985,39,0.1000,0.00000500,0.0000,34.4669,2956.8330,0.0000,0.9808
205038,355,18,0.1000,0.00000500,0.0000,35.9543,2911.5694,0.0000,0.9774
205039,2531,75,0.1000,0.00000500,0.0000,30.0830,2973.7883,0.0000,0.9804
205040,907,39,0.1000,0.00000500,0.0000,34.9602,2939.3040,0.0000,0.9760
205041,10825,177,0.1000,0.00000500,0.0000,29.7881,3043.4968,0.0000,0.9786
205042,846,33,0.1000,0.00000500,0.0000,36.6846,2961.2188,0.0000,0.9744
205043,4516,75,0.1000,0.00000500,0.0000,33.0991,3074.3762,0.0000,0.9796
205044,322,21,0.1000,0.00000500,0.0000,26.4342,2907.7200,0.0000,0.9792
205045,1239,55,0.1000,0.00000500,0.0000,31.6712,2952.2005,0.0000,0.9886
205046,15113,171,0.1000,0.00000500,0.0000,28.9873,3142.5474,0.0000,0.9850
205047,467,27,0.1000,0.00000500,0.0000,38.0237,2938.0064,0.0000,0.9792
205048,4475,75,0.1000,0.00000500,0.0000,31.6563,3100.2190,0.0000,0.9858
205049,216,18,0.1000,0.00000500,0.0000,29.0963,2899.0448,0.0000,0.9826
205050,2202,81,0.1000,0.00000500,0.0000,39.5879,2997.0993,0.0000,0.9792
205051,1328,48,0.1000,0.00000500,0.0000,33.3584,3003.9335,0.0000,0.9844
205052,2078,69,0.1000,0.00000500,0.0000,28.9666,3000.2364,0.0000,0.9832
205053,7800,132,0.1000,0.00000500,0.0000,32.5768,3061.9380,0.0000,0.9839
205054,8872,170,0.1000,0.00000500,0.0000,32.4160,3082.9827,0.0000,0.9849
205055,4325,68,0.1000,0.00000500,0.0000,28.1156,3161.1293,0.0000,0.9848
205056,585,27,0.1000,0.00000500,0.0000,35.5417,2984.9590,0.0000,0.9861
205057,2597,54,0.1000,0.00000500,0.0000,37.5947,3113.5483,0.0000,0.9855
205058,2767,62,0.1000,0.00000500,0.0000,32.0673,3111.2546,0.0000,0.9824
205059,1709,63,0.1000,0.00000500,0.0000,39.1801,3000.0262,0.0000,0.9816
205060,4055,99,0.1000,0.00000500,0.0000,35.1467,3061.4966,0.0000,0.9826
205061,82,12,0.1000,0.00000500,0.0000,26.8764,2848.5077,0.0000,0.9818
205062,2708,72,0.1000,0.00000500,0.0000,37.5037,3045.7343,0.0000,0.9805
205063,1895,57,0.1000,0.00000500,0.0000,29.1767,3076.9451,0.0000,0.9803
205064,760,36,0.1000,0.00000500,0.0000,28.2290,3003.8615,0.0000,0.9870
205065,782,45,0.1000,0.00000500,0.0000,39.7404,2947.7729,0.0000,0.9826
205066,510,30,0.1000,0.00000500,0.0000,39.3493,2962.9227,0.0000,0.9719
205067,1143,38,0.1000,0.00000500,0.0000,35.9886,3040.2548,0.0000,0.9868
205068,2647,60,0.1000,0.00000500,0.0000,35.0443,3083.7071,0.0000,0.9823
205069,320,30,0.1000,0.00000500,0.0000,28.8820,2918.6736,0.0000,0.9854
205070,510,36,0.1000,0.00000500,0.0000,40.3184,2961.3957,0.0000,0.9783
205071,1163,54,0.1000,0.00000500,0.0000,31.2696,2986.7469,0.0000,0.9855
205072,547,27,0.1000,0.00000500,0.0000,26.4310,3001.4100,0.0000,0.9826
205073,1377,48,0.1000,0.00000500,0.0000,41.3768,3010.2901,0.0000,0.9818
205074,1365,42,0.1000,0.00000500,0.0000,41.1980,3062.8102,0.0000,0.9769
205075,2215,69,0.1000,0.00000500,0.0000,40.1182,3081.5082,0.0000,0.9855
205076,2871,72,0.1000,0.00000500,0.0000,42.7702,3088.5579,0.0000,0.9805
205077,4258,135,0.1000,0.00000500,0.0000,35.9194,3067.8539,0.0000,0.9815
205078,3560,78,0.1000,0.00000500,0.0000,33.0328,3179.5005,0.0000,0.9824
205079,1537,51,0.1000,0.00000500,0.0000,33.3033,3030.0343,0.0000,0.9884
205080,15393,299,0.1000,0.00000500,0.0000,38.4418,3165.1141,0.0000,0.9829
205081,4025,121,0.1000,0.00000500,0.0000,35.3164,3088.1014,0.0000,0.9848
205082,243,21,0.1000,0.00000500,0.0000,41.1540,2918.7585,0.0000,0.9881
205083,680,32,0.1000,0.00000500,0.0000,33.6988,2990.2669,0.0000,0.9795
205084,8732,200,0.1000,0.00000500,0.0000,36.3082,3126.8988,0.0000,0.9861
205085,46,9,0.1000,0.00000500,0.0000,28.0907,2841.0758,0.0000,0.9757
205086,1499,57,0.1000,0.00000500,0.0000,45.1518,3062.9550,0.0000,0.9786
205087,3614,102,0.1000,0.00000500,0.0000,40.7957,3128.7513,0.0000,0.9835
205088,18069,282,0.1000,0.00000500,0.0000,36.7329,3291.6750,0.0000,0.9846
205089,2133,51,0.1000,0.00000500,0.0000,45.1433,3173.4701,0.0000,0.9853
205090,11204,211,0.1000,0.00000500,0.0000,36.8799,3268.2481,0.0000,0.9868
205091,5769,105,0.1000,0.00000500,0.0000,41.2406,3244.7355,0.0000,0.9869
205092,51,12,0.1000,0.00000500,0.0000,49.2537,2893.1502,0.0000,0.9844
205093,273,15,0.1000,0.00000500,0.0000,34.8324,2975.2315,0.0000,0.9875
205094,1079,57,0.1000,0.00000500,0.0000,43.7450,3047.9870,0.0000,0.9857
205095,908,36,0.1000,0.00000500,0.0000,57.5363,3044.4396,0.0000,0.9818
205096,1514,39,0.1000,0.00000500,0.0000,42.2802,3165.0590,0.0000,0.9888
205097,209,21,0.1000,0.00000500,0.0000,34.6515,2981.4768,0.0000,0.9836
205098,3663,66,0.1000,0.00000500,0.0000,39.5490,3298.7856,0.0000,0.9820
205099,658,27,0.1000,0.00000500,0.0000,58.4294,3074.2857,0.0000,0.9792
205100,361,27,0.1000,0.00000500,0.0000,30.8374,2971.8994,0.0000,0.9861
205101,745,30,0.1000,0.00000500,0.0000,38.0099,3069.4486,0.0000,0.9812
205102,2166,54,0.1000,0.00000500,0.0000,35.3406,3225.0969,0.0000,0.9844
205103,1449,51,0.1000,0.00000500,0.0000,45.1337,3106.0630,0.0000,0.9841
205104,1650,48,0.1000,0.00000500,0.0000,40.3269,3176.8353,0.0000,0.9857
205105,1142,54,0.1000,0.00000500,0.0000,39.6100,3046.8406,0.0000,0.9867
205106,523,33,0.1000,0.00000500,0.0000,53.9190,3010.1171,0.0000,0.9858
205107,551,33,0.1000,0.00000500,0.0000,37.7757,3029.0563,0.0000,0.9867
205108,1313,49,0.1000,0.00000500,0.0000,38.7006,3117.6044,0.0000,0.9828
205109,5778,84,0.1000,0.00000500,0.0000,40.4207,3431.3123,0.0000,0.9851
205110,2757,57,0.1000,0.00000500,0.0000,41.5227,3318.3135,0.0000,0.9863
205111,44,9,0.1000,0.00000500,0.0000,26.3875,2907.8894,0.0000,0.9965
205112,6252,78,0.1000,0.00000500,0.0000,45.5235,3515.7796,0.0000,0.9812
205113,3738,84,0.1000,0.00000500,0.0000,41.5034,3289.6364,0.0000,0.9877
205114,5885,105,0.1000,0.00000500,0.0000,44.8338,3332.3775,0.0000,0.9798
205115,4172,113,0.1000,0.00000500,0.0000,40.6664,3266.1085,0.0000,0.9826
205116,667,31,0.1000,0.00000500,0.0000,31.4843,3077.5653,0.0000,0.9889
205117,3911,90,0.1000,0.00000500,0.0000,38.5766,3329.5463,0.0000,0.9823
205118,1794,54,0.1000,0.00000500,0.0000,41.3638,3198.4908,0.0000,0.9815
205119,61,12,0.1000,0.00000500,0.0000,22.9779,2926.1876,0.0000,0.9922
205120,9200,201,0.1000,0.00000500,0.0000,38.7108,3334.7957,0.0000,0.9826
205121,382,24,0.1000,0.00000500,0.0000,51.9424,3024.8241,0.0000,0.9909
205122,339,26,0.1000,0.00000500,0.0000,39.2234,2992.9003,0.0000,0.9832
205123,3018,84,0.1000,0.00000500,0.0000,37.4759,3302.5065,0.0000,0.9799
205124,643,33,0.1000,0.00000500,0.0000,51.4096,3091.8516,0.0000,0.9754
205125,219,21,0.1000,0.00000500,0.0000,43.2553,3019.4005,0.0000,0.9926
205126,2572,60,0.1000,0.00000500,0.0000,39.6402,3286.6105,0.0000,0.9854
205127,1350,37,0.1000,0.00000500,0.0000,49.9068,3283.0974,0.0000,0.9823
205128,55,12,0.1000,0.00000500,0.0000,36.4328,2957.6420,0.0000,0.9818
205129,3503,96,0.1000,0.00000500,0.0000,43.1927,3282.6740,0.0000,0.9863
205130,9622,204,0.1000,0.00000500,0.0000,47.9756,3367.5608,0.0000,0.9830
205131,910,34,0.1000,0.00000500,0.0000,52.6398,3151.7259,0.0000,0.9825
205132,1032,42,0.1000,0.00000500,0.0000,34.5802,3223.9442,0.0000,0.9896
205133,4486,111,0.1000,0.00000500,0.0000,40.5361,3395.1034,0.0000,0.9876
205134,6184,141,0.1000,0.00000500,0.0000,44.5657,3397.9164,0.0000,0.9829
205135,3741,78,0.1000,0.00000500,0.0000,42.4875,3450.5091,0.0000,0.9832
205136,322,21,0.1000,0.00000500,0.0000,42.2917,3051.6345,0.0000,0.9821
205137,9849,123,0.1000,0.00000500,0.0000,42.5763,3603.6401,0.0000,0.9837
205138,678,39,0.1000,0.00000500,0.0000,37.7174,3110.7266,0.0000,0.9864
205139,1127,39,0.1000,0.00000500,0.0000,51.9662,3241.1933,0.0000,0.9760
205140,77,12,0.1000,0.00000500,0.0000,43.2605,2977.1183,0.0000,0.9714
205141,50,9,0.1000,0.00000500,0.0000,46.6189,2943.3411,0.0000,0.9861
205142,4104,75,0.1000,0.00000500,0.0000,49.4191,3470.0593,0.0000,0.9812
205143,244,21,0.1000,0.00000500,0.0000,48.9252,3024.7095,0.0000,0.9836
205144,3200,102,0.1000,0.00000500,0.0000,38.9262,3253.9893,0.0000,0.9838
205145,4590,64,0.1000,0.00000500,0.0000,47.1512,3632.6338,0.0000,0.9819
205146,4910,84,0.1000,0.00000500,0.0000,44.2496,3590.9795,0.0000,0.9859
205147,70,9,0.1000,0.00000500,0.0000,62.8160,2946.9118,0.0000,0.9931
205148,2290,47,0.1000,0.00000500,0.0000,45.8313,3621.0835,0.0000,0.9860
205149,1693,39,0.1000,0.00000500,0.0000,49.6473,3421.6117,0.0000,0.9800
205150,1184,33,0.1000,0.00000500,0.0000,38.1074,3416.2800,0.0000,0.9839
205151,760,27,0.1000,0.00000500,0.0000,38.5157,3243.0485,0.0000,0.9861
205152,12,3,0.1000,0.00000500,0.0000,27.9476,2839.8597,0.0000,0.9792
205153,24,6,0.1000,0.00000500,0.0000,56.0665,2931.1154,0.0000,0.9740
205154,996,39,0.1000,0.00000500,0.0000,51.3425,3219.3516,0.0000,0.9760
205155,12879,168,0.1000,0.00000500,0.0000,42.2797,3711.2345,0.0000,0.9831
205156,541,32,0.1000,0.00000500,0.0000,48.4754,3164.2593,0.0000,0.9766
205157,1431,53,0.1000,0.00000500,0.0000,47.6262,3296.3293,0.0000,0.9858
205158,1547,43,0.1000,0.00000500,0.0000,43.9188,3463.9673,0.0000,0.9891
205159,456,9,0.1000,0.00000500,0.0000,67.4092,3006.9565,0.0000,0.9826
205160,2657,84,0.1000,0.00000500,0.0000,45.0806,3343.1451,0.0000,0.9833
205161,901,30,0.1000,0.00000500,0.0000,53.2744,3269.6491,0.0000,0.9792
205162,664,24,0.1000,0.00000500,0.0000,63.8813,3306.8845,0.0000,0.9844
205163,1962,63,0.1000,0.00000500,0.0000,54.5365,3226.4698,0.0000,0.9762
205164,50,9,0.1000,0.00000500,0.0000,31.1549,3018.2507,0.0000,0.9792
205165,3611,81,0.1000,0.00000500,0.0000,47.7894,3505.9475,0.0000,0.9819
205166,3367,55,0.1000,0.00000500,0.0000,44.3963,3581.9291,0.0000,0.9812
205167,80,12,0.1000,0.00000500,0.0000,35.9905,2971.1321,0.0000,0.9792
205168,81,12,0.1000,0.00000500,0.0000,66.4810,3042.2113,0.0000,0.9792
205169,100,14,0.1000,0.00000500,0.0000,59.2722,3046.4711,0.0000,0.9799
205170,682,42,0.1000,0.00000500,0.0000,51.2937,3171.7948,0.0000,0.9851
205171,122,18,0.1000,0.00000500,0.0000,52.3130,2992.4491,0.0000,0.9826
205172,161,18,0.1000,0.00000500,0.0000,45.0101,3061.9461,0.0000,0.9861
205173,63,9,0.1000,0.00000500,0.0000,43.3738,2956.9151,0.0000,0.9792
205174,152,12,0.1000,0.00000500,0.0000,59.1918,3069.1554,0.0000,0.9766
205175,300,24,0.1000,0.00000500,0.0000,75.8717,3109.0995,0.0000,0.9727
205176,1938,60,0.1000,0.00000500,0.0000,45.1410,3407.4694,0.0000,0.9818
205177,725,36,0.1000,0.00000500,0.0000,41.8542,3211.3715,0.0000,0.9818
205178,1580,43,0.1000,0.00000500,0.0000,51.5206,3416.3080,0.0000,0.9789
205179,5480,114,0.1000,0.00000500,0.0000,48.5911,3617.1841,0.0000,0.9808
205180,1940,51,0.1000,0.00000500,0.0000,53.2400,3479.6660,0.0000,0.9810
205181,3489,57,0.1000,0.00000500,0.0000,38.9916,3734.5141,0.0000,0.9830
205182,1867,42,0.1000,0.00000500,0.0000,44.6771,3489.3127,0.0000,0.9881
205183,2175,60,0.1000,0.00000500,0.0000,52.6560,3435.9439,0.0000,0.9823
205184,281,18,0.1000,0.00000500,0.0000,44.8434,3132.5767,0.0000,0.9809
205185,365,21,0.1000,0.00000500,0.0000,59.4650,3173.0994,0.0000,0.9836
205186,3044,81,0.1000,0.00000500,0.0000,51.0011,3526.8224,0.0000,0.9850
205187,675,28,0.1000,0.00000500,0.0000,46.0045,3277.0852,0.0000,0.9877
205188,161,18,0.1000,0.00000500,0.0000,43.3777,3073.8237,0.0000,0.9722
205189,787,30,0.1000,0.00000500,0.0000,51.3327,3297.3506,0.0000,0.9833
205190,2342,63,0.1000,0.00000500,0.0000,42.0903,3404.8959,0.0000,0.9866
205191,8968,90,0.1000,0.00000500,0.0000,47.9452,4003.5243,0.0000,0.9833
205192,655,21,0.1000,0.00000500,0.0000,58.6181,3123.6852,0.0000,0.9807
205193,1162,48,0.1000,0.00000500,0.0000,58.3673,3321.4518,0.0000,0.9837
205194,1312,48,0.1000,0.00000500,0.0000,51.8861,3357.6246,0.0000,0.9824
205195,3102,72,0.1000,0.00000500,0.0000,49.2272,3594.5264,0.0000,0.9831
205196,4648,78,0.1000,0.00000500,0.0000,49.3027,3839.0297,0.0000,0.9828
205197,122,15,0.1000,0.00000500,0.0000,50.3999,3005.8725,0.0000,0.9812
205198,718,34,0.1000,0.00000500,0.0000,51.2915,3302.9199,0.0000,0.9779
205199,167,18,0.1000,0.00000500,0.0000,62.6304,3119.1186,0.0000,0.9809
205200,1027,33,0.1000,0.00000500,0.0000,44.5947,3427.7628,0.0000,0.9867
205201,1156,48,0.1000,0.00000500,0.0000,53.0343,3321.7025,0.0000,0.9805
205202,2217,55,0.1000,0.00000500,0.0000,53.8828,3610.8916,0.0000,0.9795
205203,601,30,0.1000,0.00000500,0.0000,59.0908,3288.2567,0.0000,0.9854
205204,1584,43,0.1000,0.00000500,0.0000,56.1278,3507.8840,0.0000,0.9847
205205,2423,60,0.1000,0.00000500,0.0000,51.3283,3659.0773,0.0000,0.9812
205206,1522,54,0.1000,0.00000500,0.0000,43.3803,3474.6015,0.0000,0.9792
205207,1567,57,0.1000,0.00000500,0.0000,44.1910,3397.7199,0.0000,0.9836
205208,779,30,0.1000,0.00000500,0.0000,57.7938,3375.5397,0.0000,0.9812
205209,556,26,0.1000,0.00000500,0.0000,56.0911,3320.6222,0.0000,0.9844
205210,3078,107,0.1000,0.00000500,0.0000,50.3113,3409.2964,0.0000,0.9804
205211,159,15,0.1000,0.00000500,0.0000,49.0237,3124.7295,0.0000,0.9896
205212,878,42,0.1000,0.00000500,0.0000,42.0617,3322.6081,0.0000,0.9814
205213,1526,57,0.1000,0.00000500,0.0000,52.6098,3430.6883,0.0000,0.9830
205214,216,15,0.1000,0.00000500,0.0000,59.6559,3132.1905,0.0000,0.9792
205215,6698,87,0.1000,0.00000500,0.0000,58.2047,4075.9538,0.0000,0.9813
205216,1652,70,0.1000,0.00000500,0.0000,59.3996,3420.1500,0.0000,0.9746
205217,909,33,0.1000,0.00000500,0.0000,57.1418,3455.7230,0.0000,0.9830
205218,2067,45,0.1000,0.00000500,0.0000,45.8675,3832.0134,0.0000,0.9792
205219,152,18,0.1000,0.00000500,0.0000,55.8081,3115.6087,0.0000,0.9826
205220,1347,35,0.1000,0.00000500,0.0000,42.3930,3549.5960,0.0000,0.9857
205221,1510,36,0.1000,0.00000500,0.0000,38.3202,3722.4148,0.0000,0.9861
205222,2078,45,0.1000,0.00000500,0.0000,52.8688,3730.6848,0.0000,0.9799
205223,1087,45,0.1000,0.00000500,0.0000,48.3691,3331.4629,0.0000,0.9854
205224,364,30,0.1000,0.00000500,0.0000,67.2301,3191.9094,0.0000,0.9760
205225,1695,42,0.1000,0.00000500,0.0000,70.0160,3651.2120,0.0000,0.9747
205226,6365,150,0.1000,0.00000500,0.0000,48.4375,3686.4641,0.0000,0.9846
205227,1527,41,0.1000,0.00000500,0.0000,44.9323,3608.5734,0.0000,0.9909
205228,7039,201,0.1000,0.00000500,0.0000,49.9507,3582.7031,0.0000,0.9812
205229,2458,78,0.1000,0.00000500,0.0000,51.4375,3557.5312,0.0000,0.9828
205230,5466,92,0.1000,0.00000500,0.0000,51.8262,3957.6252,0.0000,0.9834
205231,2724,48,0.1000,0.00000500,0.0000,66.3460,3981.1977,0.0000,0.9772
205232,973,39,0.1000,0.00000500,0.0000,55.7543,3473.6422,0.0000,0.9896
205233,7400,84,0.1000,0.00000500,0.0000,57.5939,4227.7989,0.0000,0.9844
205234,1427,48,0.1000,0.00000500,0.0000,56.0410,3618.6797,0.0000,0.9811
205235,1822,66,0.1000,0.00000500,0.0000,55.6874,3508.9454,0.0000,0.9796
205236,3089,96,0.1000,0.00000500,0.0000,53.5141,3615.7877,0.0000,0.9824
205237,1928,48,0.1000,0.00000500,0.0000,56.6972,3720.2955,0.0000,0.9837
205238,3438,81,0.1000,0.00000500,0.0000,58.4797,3754.3775,0.0000,0.9880
205239,947,48,0.1000,0.00000500,0.0000,52.2851,3403.8121,0.0000,0.9863
205240,2346,66,0.1000,0.00000500,0.0000,58.2896,3691.9019,0.0000,0.9886
205241,2501,48,0.1000,0.00000500,0.0000,59.0872,3954.1982,0.0000,0.9759
205242,1745,48,0.1000,0.00000500,0.0000,48.9286,3788.0139,0.0000,0.9850
205243,2330,54,0.1000,0.00000500,0.0000,62.9440,3787.0077,0.0000,0.9809
205244,9276,186,0.1000,0.00000500,0.0000,57.4181,3938.9891,0.0000,0.9819
205245,10318,141,0.1000,0.00000500,0.0000,62.6445,4028.7973,0.0000,0.9803
205246,2759,78,0.1000,0.00000500,0.0000,53.8058,3742.5579,0.0000,0.9816
205247,142,15,0.1000,0.00000500,0.0000,67.9203,3386.8536,0.0000,0.9875
205248,178,18,0.1000,0.00000500,0.0000,48.2357,3255.0939,0.0000,0.9774
205249,11941,234,0.1000,0.00000500,0.0000,57.6773,3952.5791,0.0000,0.9830
205250,51,11,0.1000,0.00000500,0.0000,60.8950,3143.5131,0.0000,0.9773
205251,935,33,0.1000,0.00000500,0.0000,49.7249,3549.3967,0.0000,0.9801
205252,52,9,0.1000,0.00000500,0.0000,71.3931,3162.6982,0.0000,0.9896
205253,184,18,0.1000,0.00000500,0.0000,66.2230,3250.5023,0.0000,0.9740
205254,1383,48,0.1000,0.00000500,0.0000,62.8117,3682.3083,0.0000,0.9811
205255,623,39,0.1000,0.00000500,0.0000,54.8802,3404.7133,0.0000,0.9888
205256,985,39,0.1000,0.00000500,0.0000,56.9524,3614.7026,0.0000,0.9776
205257,2970,93,0.1000,0.00000500,0.0000,55.8363,3745.2301,0.0000,0.9815
205258,1834,63,0.1000,0.00000500,0.0000,50.7406,3731.9781,0.0000,0.9787
205259,25,6,0.1000,0.00000500,0.0000,56.4680,3004.4529,0.0000,0.9844
205260,5574,69,0.1000,0.00000500,0.0000,64.1656,4280.9183,0.0000,0.9823
205261,10012,163,0.1000,0.00000500,0.0000,59.1046,4167.5445,0.0000,0.9758
205262,794,42,0.1000,0.00000500,0.0000,64.8174,3434.2026,0.0000,0.9859
205263,65,12,0.1000,0.00000500,0.0000,73.3375,3234.2971,0.0000,0.9870
205264,344,17,0.1000,0.00000500,0.0000,71.0755,3398.9976,0.0000,0.9743
205265,118,16,0.1000,0.00000500,0.0000,67.8189,3308.9503,0.0000,0.9785
205266,5860,105,0.1000,0.00000500,0.0000,56.4549,4069.8386,0.0000,0.9815
205267,2476,57,0.1000,0.00000500,0.0000,66.2883,3938.7774,0.0000,0.9803
205268,5221,117,0.1000,0.00000500,0.0000,64.8951,4027.7651,0.0000,0.9826
205269,3633,69,0.1000,0.00000500,0.0000,78.1631,4129.0061,0.0000,0.9801
205270,4568,105,0.1000,0.00000500,0.0000,55.2985,3951.3118,0.0000,0.9804
205271,8798,102,0.1000,0.00000500,0.0000,67.6710,4524.8263,0.0000,0.9792
205272,1243,54,0.1000,0.00000500,0.0000,62.6413,3719.3128,0.0000,0.9815
205273,3415,70,0.1000,0.00000500,0.0000,65.6804,4077.2076,0.0000,0.9830
205274,40,9,0.1000,0.00000500,0.0000,46.6074,3147.1572,0.0000,0.9722
205275,2848,66,0.1000,0.00000500,0.0000,57.2071,4062.6498,0.0000,0.9825
205276,497,30,0.1000,0.00000500,0.0000,60.9935,3574.7085,0.0000,0.9771
205277,765,27,0.1000,0.00000500,0.0000,43.2103,3650.3644,0.0000,0.9815
205278,1713,42,0.1000,0.00000500,0.0000,56.2237,3866.5733,0.0000,0.9874
205279,1689,39,0.1000,0.00000500,0.0000,72.2645,4033.1815,0.0000,0.9832
205280,542,26,0.1000,0.00000500,0.0000,45.9044,3616.0729,0.0000,0.9796
205281,25277,267,0.1000,0.00000500,0.0000,60.3031,4538.4269,0.0000,0.9821
205282,361,18,0.1000,0.00000500,0.0000,56.9460,3581.6573,0.0000,0.9774
205283,66,11,0.1000,0.00000500,0.0000,55.0721,3256.8209,0.0000,0.9858
205284,1540,37,0.1000,0.00000500,0.0000,54.1992,4016.0407,0.0000,0.9856
205285,3096,78,0.1000,0.00000500,0.0000,68.9809,3954.3276,0.0000,0.9780
205286,7348,81,0.1000,0.00000500,0.0000,68.2010,4709.2956,0.0000,0.9850
205287,169,18,0.1000,0.00000500,0.0000,60.8541,3429.0038,0.0000,0.9774
205288,1042,33,0.1000,0.00000500,0.0000,68.0923,3935.4553,0.0000,0.9811
205289,1281,42,0.1000,0.00000500,0.0000,79.1337,3840.3061,0.0000,0.9732
205290,1373,42,0.1000,0.00000500,0.0000,61.3602,3864.4521,0.0000,0.9799
205291,5200,123,0.1000,0.00000500,0.0000,58.9086,4178.9860,0.0000,0.9827
205292,899,42,0.1000,0.00000500,0.0000,60.1037,3769.0022,0.0000,0.9836
205293,1916,48,0.1000,0.00000500,0.0000,59.8833,4125.4590,0.0000,0.9831
205294,1443,72,0.1000,0.00000500,0.0000,69.8845,3677.2053,0.0000,0.9766
205295,5801,102,0.1000,0.00000500,0.0000,62.9211,4287.7417,0.0000,0.9850
205296,1183,33,0.1000,0.00000500,0.0000,74.4078,3910.7498,0.0000,0.9839
205297,5309,102,0.1000,0.00000500,0.0000,70.8409,4338.4341,0.0000,0.9807
205298,5476,123,0.1000,0.00000500,0.0000,65.6319,4261.7848,0.0000,0.9822
205299,969,38,0.1000,0.00000500,0.0000,64.6645,3871.4414,0.0000,0.9819
205300,2294,57,0.1000,0.00000500,0.0000,61.8320,4078.7239,0.0000,0.9753
