seed,turn_index,density
5000,0,0.171875
5000,1,0.375
5000,2,0.28125
5000,3,0.46875
5000,4,0.484375
5000,5,0.640625
5001,0,0.203125
5001,1,0.40625
5001,2,0.46875
5001,3,0.640625
5002,0,0.09375
5002,1,0.296875
5002,2,0.421875
5003,0,0.234375
5003,1,0.421875
5003,2,0.484375
5003,3,0.484375
5004,0,0.203125
5004,1,0.390625
5004,2,0.40625
5004,3,0.5
5005,0,0.234375
5005,1,0.28125
5005,2,0.515625
5005,3,0.578125
5006,0,0.21875
5006,1,0.46875
5006,2,0.53125
5007,0,0.203125
5007,1,0.28125
5007,2,0.421875
5007,3,0.484375
5007,4,0.421875
5008,0,0.1875
5008,1,0.328125
5008,2,0.546875
5008,3,0.484375
5009,0,0.1875
5009,1,0.375
5010,0,0.15625
5010,1,0.3125
5010,2,0.484375
5011,0,0.296875
5011,1,0.46875
5011,2,0.578125
5011,3,0.5
5011,4,0.5625
5011,5,0.5625
5011,6,0.453125
5011,7,0.640625
5011,8,0.5625
5011,9,0.515625
5011,10,0.65625
5011,11,0.65625
5012,0,0.171875
5012,1,0.1875
5012,2,0.375
5012,3,0.53125
5013,0,0.171875
5013,1,0.359375
5013,2,0.421875
5013,3,0.609375
5013,4,0.53125
5014,0,0.203125
5014,1,0.40625
5015,0,0.140625
5015,1,0.28125
5015,2,0.484375
5015,3,0.375
5015,4,0.4375
5016,0,0.171875
5016,1,0.328125
5016,2,0.5
5016,3,0.609375
5017,0,0.171875
5017,1,0.3125
5017,2,0.484375
5017,3,0.4375
5017,4,0.5625
5017,5,0.671875
5018,0,0.296875
5018,1,0.46875
5018,2,0.625
5018,3,0.6875
5019,0,0.234375
5019,1,0.421875
5019,2,0.4375
5019,3,0.546875
5019,4,0.6875
5020,0,0.1875
5020,1,0.375
5020,2,0.53125
5021,0,0.140625
5021,1,0.421875
5021,2,0.46875
5021,3,0.59375
5022,0,0.171875
5022,1,0.3125
5022,2,0.484375
5023,0,0.1875
5023,1,0.40625
5023,2,0.484375
5023,3,0.4375
5023,4,0.5
5023,5,0.5625
5023,6,0.625
5024,0,0.1875
5024,1,0.359375
5024,2,0.421875
5025,0,0.1875
5025,1,0.34375
5025,2,0.46875
5026,0,0.21875
5026,1,0.40625
5026,2,0.609375
5027,0,0.234375
5027,1,0.40625
5027,2,0.578125
5028,0,0.15625
5028,1,0.390625
5028,2,0.578125
5028,3,0.625
5029,0,0.21875
5029,1,0.40625
5030,0,0.1875
5030,1,0.390625
5030,2,0.546875
5030,3,0.609375
5031,0,0.171875
5031,1,0.34375
5031,2,0.515625
5032,0,0.171875
5032,1,0.359375
5032,2,0.546875
5033,0,0.203125
5033,1,0.40625
5033,2,0.546875
5034,0,0.15625
5034,1,0.390625
5034,2,0.59375
5034,3,0.578125
5035,0,0.15625
5035,1,0.328125
5035,2,0.515625
5035,3,0.546875
5035,4,0.609375
5036,0,0.1875
5036,1,0.3125
5036,2,0.40625
5036,3,0.515625
5037,0,0.203125
5037,1,0.390625
5037,2,0.59375
5038,0,0.1875
5038,1,0.421875
5038,2,0.46875
5038,3,0.578125
5039,0,0.171875
5039,1,0.375
5039,2,0.40625
5039,3,0.578125
5040,0,0.140625
5040,1,0.3125
5040,2,0.34375
5040,3,0.546875
5040,4,0.609375
5040,5,0.65625
5041,0,0.203125
5041,1,0.390625
5041,2,0.59375
5041,3,0.53125
5041,4,0.578125
5042,0,0.140625
5042,1,0.34375
5042,2,0.46875
5043,0,0.1875
5043,1,0.3125
5043,2,0.484375
5043,3,0.625
5044,0,0.1875
5044,1,0.359375
5044,2,0.546875
5044,3,0.609375
5045,0,0.140625
5045,1,0.34375
5045,2,0.53125
5045,3,0.578125
5045,4,0.625
5046,0,0.234375
5046,1,0.40625
5046,2,0.609375
5046,3,0.640625
5046,4,0.703125
5047,0,0.171875
5047,1,0.359375
5047,2,0.546875
5047,3,0.59375
5048,0,0.15625
5048,1,0.375
5048,2,0.546875
5049,0,0.1875
5049,1,0.40625
5049,2,0.453125
5049,3,0.640625
5050,0,0.171875
5050,1,0.296875
5051,0,0.25
5051,1,0.453125
5051,2,0.59375
5051,3,0.515625
5051,4,0.640625
5051,5,0.65625
5051,6,0.546875
5051,7,0.578125
5051,8,0.625
5052,0,0.203125
5052,1,0.421875
5053,0,0.15625
5053,1,0.375
5053,2,0.546875
5053,3,0.5625
5053,4,0.625
5054,0,0.1875
5054,1,0.375
5054,2,0.515625
5054,3,0.640625
5055,0,0.21875
5055,1,0.375
5055,2,0.421875
5055,3,0.609375
5055,4,0.65625
5056,0,0.1875
5056,1,0.375
5056,2,0.546875
5057,0,0.1875
5057,1,0.34375
5057,2,0.546875
5057,3,0.546875
5057,4,0.6875
5058,0,0.203125
5058,1,0.359375
5058,2,0.453125
5058,3,0.5
5058,4,0.53125
5058,5,0.703125
5058,6,0.734375
5059,0,0.21875
5059,1,0.375
5059,2,0.5
5060,0,0.171875
5060,1,0.375
5060,2,0.4375
5060,3,0.484375
5060,4,0.5625
5061,0,0.21875
5061,1,0.375
5061,2,0.5625
5061,3,0.640625
5062,0,0.140625
5062,1,0.296875
5062,2,0.4375
5062,3,0.59375
5062,4,0.640625
5063,0,0.1875
5063,1,0.359375
5063,2,0.515625
5063,3,0.40625
5063,4,0.609375
5064,0,0.203125
5064,1,0.375
5065,0,0.1875
5065,1,0.390625
5065,2,0.484375
5066,0,0.125
5066,1,0.34375
5066,2,0.375
5066,3,0.5
5067,0,0.171875
5067,1,0.359375
5067,2,0.53125
5068,0,0.203125
5068,1,0.375
5068,2,0.546875
5068,3,0.5625
5069,0,0.203125
5069,1,0.359375
5069,2,0.4375
5069,3,0.515625
5069,4,0.578125
5070,0,0.21875
5070,1,0.390625
5070,2,0.578125
5071,0,0.203125
5071,1,0.40625
5072,0,0.203125
5072,1,0.40625
5072,2,0.46875
5072,3,0.53125
5073,0,0.1875
5073,1,0.328125
5073,2,0.5
5073,3,0.671875
5073,4,0.734375
5074,0,0.1875
5074,1,0.34375
5074,2,0.53125
5074,3,0.59375
5075,0,0.234375
5075,1,0.296875
5075,2,0.5
5075,3,0.453125
5075,4,0.640625
5076,0,0.203125
5076,1,0.40625
5076,2,0.578125
5076,3,0.609375
5077,0,0.25
5077,1,0.359375
5077,2,0.53125
5077,3,0.484375
5077,4,0.53125
5077,5,0.5625
5077,6,0.5
5077,7,0.625
5078,0,0.1875
5078,1,0.40625
5078,2,0.5625
5078,3,0.65625
5079,0,0.1875
5079,1,0.375
5079,2,0.5625
5079,3,0.625
5079,4,0.6875
5080,0,0.203125
5080,1,0.421875
5080,2,0.546875
5081,0,0.359375
5081,1,0.546875
5081,2,0.578125
5081,3,0.6875
5082,0,0.1875
5082,1,0.34375
5082,2,0.53125
5082,3,0.578125
5083,0,0.171875
5083,1,0.390625
5083,2,0.46875
5083,3,0.484375
5083,4,0.53125
5083,5,0.46875
5083,6,0.53125
5083,7,0.59375
5084,0,0.203125
5084,1,0.375
5084,2,0.515625
5084,3,0.5625
5085,0,0.1875
5085,1,0.25
5085,2,0.421875
5085,3,0.484375
5086,0,0.1875
5086,1,0.390625
5086,2,0.578125
5087,0,0.21875
5087,1,0.4375
5087,2,0.578125
5087,3,0.640625
5088,0,0.203125
5088,1,0.390625
5088,2,0.5625
5088,3,0.65625
5089,0,0.265625
5089,1,0.46875
5090,0,0.1875
5090,1,0.359375
5090,2,0.4375
5090,3,0.421875
5090,4,0.421875
5090,5,0.5625
5091,0,0.171875
5091,1,0.328125
5091,2,0.484375
5091,3,0.65625
5092,0,0.171875
5092,1,0.3125
5092,2,0.484375
5092,3,0.65625
5092,4,0.71875
5093,0,0.1875
5093,1,0.390625
5093,2,0.453125
5093,3,0.53125
5093,4,0.609375
5094,0,0.171875
5094,1,0.328125
5094,2,0.484375
5095,0,0.15625
5095,1,0.34375
5095,2,0.546875
5095,3,0.46875
5095,4,0.53125
5096,0,0.1875
5096,1,0.375
5096,2,0.53125
5097,0,0.234375
5097,1,0.359375
5097,2,0.59375
5098,0,0.1875
5098,1,0.453125
5098,2,0.59375
5098,3,0.640625
5099,0,0.078125
5099,1,0.28125
5099,2,0.484375
5099,3,0.546875
5100,0,0.171875
5100,1,0.390625
5100,2,0.546875
5100,3,0.484375
5101,0,0.1875
5101,1,0.359375
5101,2,0.546875
5102,0,0.1875
5102,1,0.359375
5102,2,0.484375
5103,0,0.265625
5103,1,0.453125
5103,2,0.40625
5103,3,0.609375
5104,0,0.203125
5104,1,0.390625
5104,2,0.53125
5105,0,0.171875
5105,1,0.34375
5105,2,0.546875
5105,3,0.65625
5106,0,0.21875
5106,1,0.359375
5106,2,0.5625
5106,3,0.625
5107,0,0.171875
5107,1,0.359375
5107,2,0.5625
5107,3,0.59375
5108,0,0.234375
5108,1,0.25
5108,2,0.421875
5108,3,0.609375
5108,4,0.609375
5109,0,0.203125
5109,1,0.390625
5109,2,0.5
5110,0,0.171875
5110,1,0.359375
5110,2,0.53125
5110,3,0.578125
5110,4,0.65625
5111,0,0.140625
5111,1,0.375
5111,2,0.3125
5111,3,0.484375
5111,4,0.53125
5112,0,0.1875
5112,1,0.34375
5112,2,0.5625
5112,3,0.6875
5113,0,0.1875
5113,1,0.359375
5113,2,0.53125
5113,3,0.546875
5113,4,0.671875
5114,0,0.171875
5114,1,0.328125
5114,2,0.515625
5115,0,0.15625
5115,1,0.375
5115,2,0.5625
5115,3,0.375
5115,4,0.578125
5115,5,0.609375
5115,6,0.453125
5115,7,0.65625
5116,0,0.171875
5116,1,0.359375
5116,2,0.4375
5116,3,0.4375
5116,4,0.609375
5117,0,0.1875
5117,1,0.34375
5117,2,0.53125
5118,0,0.171875
5118,1,0.34375
5118,2,0.546875
5118,3,0.609375
5119,0,0.1875
5119,1,0.359375
5119,2,0.515625
5119,3,0.578125
5120,0,0.21875
5120,1,0.40625
5120,2,0.46875
5120,3,0.609375
5121,0,0.15625
5121,1,0.328125
5121,2,0.515625
5121,3,0.265625
5121,4,0.46875
5121,5,0.5625
5122,0,0.15625
5122,1,0.328125
5122,2,0.515625
5123,0,0.140625
5123,1,0.3125
5123,2,0.515625
5123,3,0.640625
5123,4,0.59375
5123,5,0.65625
5124,0,0.203125
5124,1,0.40625
5124,2,0.5625
5124,3,0.40625
5124,4,0.46875
5125,0,0.265625
5125,1,0.546875
5125,2,0.609375
5126,0,0.265625
5126,1,0.46875
5126,2,0.53125
5126,3,0.609375
5127,0,0.21875
5127,1,0.390625
5127,2,0.578125
5127,3,0.609375
5128,0,0.1875
5128,1,0.375
5128,2,0.4375
5128,3,0.5625
5129,0,0.15625
5129,1,0.390625
5129,2,0.53125
5129,3,0.65625
5130,0,0.1875
5130,1,0.359375
5130,2,0.484375
5131,0,0.15625
5131,1,0.328125
5131,2,0.53125
5132,0,0.171875
5132,1,0.359375
5132,2,0.546875
5132,3,0.59375
5132,4,0.53125
5133,0,0.203125
5133,1,0.46875
5133,2,0.578125
5134,0,0.203125
5134,1,0.40625
5134,2,0.578125
5134,3,0.71875
5135,0,0.1875
5135,1,0.390625
5135,2,0.546875
5135,3,0.59375
5136,0,0.203125
5136,1,0.40625
5136,2,0.53125
5136,3,0.578125
5137,0,0.15625
5137,1,0.34375
5137,2,0.515625
5138,0,0.15625
5138,1,0.46875
5138,2,0.421875
5138,3,0.625
5138,4,0.546875
5138,5,0.625
5139,0,0.1875
5139,1,0.359375
5139,2,0.546875
5139,3,0.640625
5140,0,0.1875
5140,1,0.40625
5140,2,0.53125
5141,0,0.171875
5141,1,0.34375
5141,2,0.5625
5141,3,0.65625
5142,0,0.1875
5142,1,0.375
5142,2,0.578125
5142,3,0.640625
5143,0,0.21875
5143,1,0.515625
5143,2,0.453125
5143,3,0.625
5144,0,0.21875
5144,1,0.4375
5144,2,0.53125
5145,0,0.203125
5145,1,0.390625
5145,2,0.46875
5145,3,0.515625
5146,0,0.234375
5146,1,0.40625
5146,2,0.578125
5146,3,0.53125
5146,4,0.6875
5147,0,0.171875
5147,1,0.296875
5147,2,0.4375
5147,3,0.6875
5147,4,0.5
5148,0,0.21875
5148,1,0.5
5148,2,0.578125
5149,0,0.171875
5149,1,0.34375
5149,2,0.46875
5150,0,0.125
5150,1,0.25
5150,2,0.421875
5150,3,0.5
5151,0,0.171875
5151,1,0.328125
5151,2,0.546875
5151,3,0.578125
5152,0,0.21875
5152,1,0.390625
5152,2,0.4375
5153,0,0.203125
5153,1,0.421875
5153,2,0.484375
5154,0,0.203125
5154,1,0.34375
5154,2,0.421875
5154,3,0.5625
5155,0,0.140625
5155,1,0.3125
5155,2,0.5
5155,3,0.578125
5155,4,0.703125
5156,0,0.234375
5156,1,0.4375
5156,2,0.5625
5157,0,0.140625
5157,1,0.296875
5157,2,0.46875
5157,3,0.5
5157,4,0.5625
5158,0,0.140625
5158,1,0.328125
5158,2,0.515625
5158,3,0.59375
5158,4,0.703125
5159,0,0.203125
5159,1,0.359375
5159,2,0.53125
5159,3,0.5
5160,0,0.1875
5160,1,0.359375
5160,2,0.546875
5160,3,0.640625
5161,0,0.28125
5161,1,0.46875
5161,2,0.578125
5162,0,0.125
5162,1,0.3125
5162,2,0.5
5162,3,0.578125
5162,4,0.578125
5163,0,0.171875
5163,1,0.421875
5163,2,0.484375
5163,3,0.546875
5163,4,0.5625
5164,0,0.15625
5164,1,0.34375
5164,2,0.53125
5164,3,0.578125
5165,0,0.1875
5165,1,0.453125
5165,2,0.59375
5166,0,0.203125
5166,1,0.40625
5166,2,0.34375
5166,3,0.4375
5166,4,0.515625
5167,0,0.171875
5167,1,0.359375
5167,2,0.484375
5168,0,0.171875
5168,1,0.234375
5168,2,0.390625
5168,3,0.578125
5169,0,0.1875
5169,1,0.375
5169,2,0.4375
5170,0,0.28125
5170,1,0.359375
5170,2,0.328125
5170,3,0.53125
5170,4,0.609375
5171,0,0.203125
5171,1,0.40625
5172,0,0.1875
5172,1,0.390625
5172,2,0.421875
5172,3,0.53125
5173,0,0.203125
5173,1,0.328125
5173,2,0.515625
5174,0,0.1875
5174,1,0.34375
5174,2,0.53125
5175,0,0.171875
5175,1,0.40625
5175,2,0.484375
5175,3,0.546875
5176,0,0.21875
5176,1,0.40625
5176,2,0.59375
5176,3,0.609375
5176,4,0.53125
5176,5,0.46875
5177,0,0.3125
5177,1,0.5
5177,2,0.546875
5178,0,0.1875
5178,1,0.375
5178,2,0.5625
5179,0,0.25
5179,1,0.421875
5179,2,0.609375
5179,3,0.625
5180,0,0.171875
5180,1,0.328125
5180,2,0.5
5180,3,0.578125
5180,4,0.671875
5181,0,0.25
5181,1,0.4375
5181,2,0.375
5181,3,0.546875
5181,4,0.625
5181,5,0.484375
5182,0,0.171875
5182,1,0.390625
5182,2,0.5625
5182,3,0.609375
5183,0,0.171875
5183,1,0.390625
5183,2,0.5
5183,3,0.640625
5183,4,0.734375
5184,0,0.15625
5184,1,0.4375
5184,2,0.625
5184,3,0.59375
5184,4,0.609375
5185,0,0.1875
5185,1,0.375
5185,2,0.515625
5186,0,0.1875
5186,1,0.328125
5186,2,0.40625
5186,3,0.578125
5187,0,0.21875
5187,1,0.375
5187,2,0.546875
5187,3,0.65625
5188,0,0.1875
5188,1,0.375
5188,2,0.4375
5188,3,0.625
5188,4,0.671875
5189,0,0.15625
5189,1,0.328125
5189,2,0.578125
5189,3,0.71875
5190,0,0.15625
5190,1,0.296875
5190,2,0.515625
5190,3,0.546875
5191,0,0.203125
5191,1,0.40625
5191,2,0.5625
5191,3,0.625
5192,0,0.1875
5192,1,0.390625
5192,2,0.59375
5193,0,0.203125
5193,1,0.40625
5193,2,0.421875
5193,3,0.5
5193,4,0.578125
5194,0,0.21875
5194,1,0.265625
5194,2,0.4375
5194,3,0.578125
5194,4,0.65625
5195,0,0.171875
5195,1,0.328125
5195,2,0.515625
5196,0,0.203125
5196,1,0.28125
5196,2,0.421875
5196,3,0.484375
5197,0,0.203125
5197,1,0.359375
5197,2,0.546875
5197,3,0.59375
5197,4,0.65625
5198,0,0.203125
5198,1,0.359375
5198,2,0.546875
5198,3,0.609375
5199,0,0.1875
5199,1,0.4375
5200,0,0.140625
5200,1,0.296875
5200,2,0.46875
5200,3,0.640625
5201,0,0.171875
5201,1,0.328125
5201,2,0.484375
5201,3,0.5
5201,4,0.6875
5201,5,0.734375
5202,0,0.1875
5202,1,0.359375
5202,2,0.46875
5203,0,0.1875
5203,1,0.40625
5203,2,0.59375
5203,3,0.53125
5204,0,0.203125
5204,1,0.421875
5204,2,0.453125
5204,3,0.5625
5204,4,0.53125
5204,5,0.59375
5205,0,0.109375
5205,1,0.3125
5205,2,0.578125
5205,3,0.625
5206,0,0.125
5206,1,0.296875
5206,2,0.4375
5206,3,0.578125
5207,0,0.15625
5207,1,0.296875
5207,2,0.4375
5207,3,0.390625
5207,4,0.5
5208,0,0.265625
5208,1,0.421875
5209,0,0.203125
5209,1,0.34375
5209,2,0.515625
5209,3,0.59375
5210,0,0.21875
5210,1,0.390625
5210,2,0.46875
5211,0,0.125
5211,1,0.328125
5211,2,0.359375
5211,3,0.4375
5211,4,0.484375
5211,5,0.671875
5211,6,0.671875
5211,7,0.59375
5211,8,0.65625
5212,0,0.203125
5212,1,0.359375
5212,2,0.5
5213,0,0.171875
5213,1,0.359375
5213,2,0.421875
5214,0,0.25
5214,1,0.53125
5214,2,0.734375
5215,0,0.171875
5215,1,0.359375
5215,2,0.546875
5215,3,0.65625
5216,0,0.140625
5216,1,0.34375
5216,2,0.515625
5216,3,0.578125
5217,0,0.203125
5217,1,0.40625
5217,2,0.53125
5218,0,0.171875
5218,1,0.328125
5218,2,0.515625
5218,3,0.609375
5219,0,0.1875
5219,1,0.375
5219,2,0.578125
5220,0,0.171875
5220,1,0.34375
5220,2,0.453125
5220,3,0.53125
5220,4,0.671875
5221,0,0.15625
5221,1,0.375
5221,2,0.46875
5221,3,0.546875
5222,0,0.265625
5222,1,0.46875
5222,2,0.625
5223,0,0.078125
5223,1,0.25
5223,2,0.28125
5223,3,0.53125
5223,4,0.6875
5224,0,0.203125
5224,1,0.46875
5224,2,0.625
5225,0,0.28125
5225,1,0.375
5225,2,0.515625
5225,3,0.640625
5226,0,0.171875
5226,1,0.375
5226,2,0.546875
5226,3,0.671875
5227,0,0.171875
5227,1,0.234375
5227,2,0.546875
5227,3,0.59375
5228,0,0.203125
5228,1,0.421875
5228,2,0.578125
5228,3,0.625
5228,4,0.640625
5229,0,0.203125
5229,1,0.40625
5229,2,0.546875
5229,3,0.609375
5229,4,0.703125
5230,0,0.203125
5230,1,0.390625
5230,2,0.5625
5230,3,0.671875
5231,0,0.21875
5231,1,0.375
5231,2,0.578125
5232,0,0.21875
5232,1,0.390625
5232,2,0.453125
5232,3,0.546875
5233,0,0.1875
5233,1,0.25
5233,2,0.46875
5234,0,0.203125
5234,1,0.4375
5235,0,0.21875
5235,1,0.4375
5235,2,0.609375
5235,3,0.671875
5236,0,0.1875
5236,1,0.375
5236,2,0.5
5237,0,0.171875
5237,1,0.234375
5237,2,0.390625
5237,3,0.59375
5238,0,0.1875
5238,1,0.375
5238,2,0.390625
5238,3,0.578125
5238,4,0.625
5238,5,0.640625
5239,0,0.1875
5239,1,0.375
5239,2,0.53125
5239,3,0.71875
5240,0,0.1875
5240,1,0.375
5240,2,0.5625
5240,3,0.59375
5241,0,0.15625
5241,1,0.4375
5241,2,0.5
5242,0,0.21875
5242,1,0.40625
5242,2,0.453125
5242,3,0.59375
5242,4,0.546875
5243,0,0.1875
5243,1,0.359375
5243,2,0.359375
5243,3,0.53125
5243,4,0.65625
5243,5,0.609375
5243,6,0.75
5244,0,0.21875
5244,1,0.359375
5244,2,0.5625
5244,3,0.53125
5245,0,0.15625
5245,1,0.34375
5245,2,0.46875
5246,0,0.15625
5246,1,0.34375
5246,2,0.5
5247,0,0.234375
5247,1,0.375
5247,2,0.53125
5247,3,0.609375
5248,0,0.15625
5248,1,0.390625
5248,2,0.578125
5248,3,0.703125
5249,0,0.21875
5249,1,0.421875
5249,2,0.578125
5249,3,0.625
5250,0,0.203125
5250,1,0.21875
5250,2,0.40625
5250,3,0.609375
5251,0,0.203125
5251,1,0.4375
5251,2,0.640625
5252,0,0.1875
5252,1,0.359375
5252,2,0.53125
5252,3,0.59375
5252,4,0.515625
5252,5,0.578125
5253,0,0.1875
5253,1,0.359375
5253,2,0.546875
5253,3,0.640625
5254,0,0.171875
5254,1,0.421875
5254,2,0.484375
5254,3,0.578125
5255,0,0.203125
5255,1,0.484375
5255,2,0.421875
5255,3,0.5
5255,4,0.546875
5255,5,0.703125
5256,0,0.203125
5256,1,0.390625
5256,2,0.609375
5256,3,0.671875
5257,0,0.1875
5257,1,0.421875
5257,2,0.515625
5258,0,0.15625
5258,1,0.34375
5258,2,0.4375
5258,3,0.515625
5258,4,0.53125
5258,5,0.65625
5258,6,0.59375
5259,0,0.203125
5259,1,0.46875
5259,2,0.625
5259,3,0.5
5259,4,0.5625
5260,0,0.21875
5260,1,0.40625
5260,2,0.5625
5261,0,0.265625
5261,1,0.34375
5261,2,0.53125
5262,0,0.203125
5262,1,0.453125
5262,2,0.625
5262,3,0.578125
5262,4,0.53125
5263,0,0.21875
5263,1,0.359375
5263,2,0.515625
5263,3,0.609375
5264,0,0.265625
5264,1,0.4375
5264,2,0.515625
5264,3,0.703125
5264,4,0.71875
5264,5,0.75
5265,0,0.15625
5265,1,0.359375
5265,2,0.546875
5265,3,0.625
5266,0,0.171875
5266,1,0.375
5266,2,0.5625
5267,0,0.203125
5267,1,0.375
5267,2,0.578125
5267,3,0.59375
5268,0,0.140625
5268,1,0.34375
5268,2,0.53125
5269,0,0.203125
5269,1,0.359375
5269,2,0.515625
5269,3,0.671875
5270,0,0.171875
5270,1,0.359375
5270,2,0.546875
5270,3,0.625
5270,4,0.5625
5271,0,0.234375
5271,1,0.453125
5271,2,0.609375
5272,0,0.265625
5272,1,0.4375
5272,2,0.4375
5272,3,0.578125
5272,4,0.671875
5273,0,0.28125
5273,1,0.421875
5273,2,0.484375
5274,0,0.171875
5274,1,0.375
5274,2,0.578125
5275,0,0.171875
5275,1,0.34375
5275,2,0.53125
5275,3,0.59375
5275,4,0.640625
5276,0,0.171875
5276,1,0.359375
5276,2,0.4375
5276,3,0.609375
5276,4,0.65625
5277,0,0.21875
5277,1,0.421875
5277,2,0.59375
5278,0,0.125
5278,1,0.34375
5278,2,0.578125
5279,0,0.1875
5279,1,0.375
5279,2,0.40625
5279,3,0.5625
5279,4,0.5625
5279,5,0.53125
5279,6,0.625
5280,0,0.140625
5280,1,0.328125
5280,2,0.515625
5280,3,0.546875
5280,4,0.578125
5280,5,0.609375
5281,0,0.15625
5281,1,0.34375
5281,2,0.4375
5282,0,0.28125
5282,1,0.484375
5282,2,0.59375
5283,0,0.171875
5283,1,0.328125
5283,2,0.453125
5283,3,0.53125
5283,4,0.65625
5284,0,0.15625
5284,1,0.328125
5284,2,0.46875
5285,0,0.109375
5285,1,0.328125
5285,2,0.5
5285,3,0.515625
5286,0,0.171875
5286,1,0.34375
5286,2,0.515625
5286,3,0.421875
5286,4,0.515625
5286,5,0.484375
5286,6,0.53125
5287,0,0.15625
5287,1,0.3125
5287,2,0.40625
5287,3,0.46875
5287,4,0.578125
5288,0,0.203125
5288,1,0.421875
5288,2,0.515625
5289,0,0.15625
5289,1,0.359375
5289,2,0.453125
5290,0,0.1875
5290,1,0.3125
5290,2,0.4375
5290,3,0.5
5291,0,0.234375
5291,1,0.453125
5291,2,0.375
5291,3,0.515625
5292,0,0.203125
5292,1,0.375
5292,2,0.5625
5292,3,0.609375
5293,0,0.1875
5293,1,0.421875
5293,2,0.5625
5293,3,0.625
5294,0,0.1875
5294,1,0.34375
5294,2,0.421875
5294,3,0.5
5295,0,0.1875
5295,1,0.359375
5295,2,0.453125
5295,3,0.640625
5296,0,0.15625
5296,1,0.3125
5296,2,0.5
5296,3,0.578125
5296,4,0.640625
5297,0,0.171875
5297,1,0.359375
5297,2,0.484375
5297,3,0.46875
5298,0,0.15625
5298,1,0.3125
5298,2,0.421875
5299,0,0.234375
5299,1,0.40625
5299,2,0.5625
5299,3,0.625
5300,0,0.09375
5300,1,0.265625
5300,2,0.4375
5300,3,0.609375
5300,4,0.609375
5301,0,0.1875
5301,1,0.359375
5301,2,0.53125
5301,3,0.5625
5302,0,0.1875
5302,1,0.390625
5302,2,0.453125
5302,3,0.59375
5302,4,0.65625
5303,0,0.1875
5303,1,0.328125
5303,2,0.46875
5303,3,0.625
5304,0,0.140625
5304,1,0.265625
5305,0,0.1875
5305,1,0.390625
5305,2,0.453125
5305,3,0.546875
5306,0,0.21875
5306,1,0.359375
5306,2,0.59375
5306,3,0.6875
5307,0,0.234375
5307,1,0.421875
5307,2,0.484375
5307,3,0.59375
5308,0,0.203125
5308,1,0.375
5308,2,0.5625
5309,0,0.1875
5309,1,0.390625
5309,2,0.40625
5309,3,0.546875
5310,0,0.140625
5310,1,0.3125
5310,2,0.484375
5310,3,0.53125
5311,0,0.1875
5311,1,0.390625
5311,2,0.453125
5311,3,0.609375
5311,4,0.671875
5312,0,0.15625
5312,1,0.359375
5312,2,0.421875
5313,0,0.1875
5313,1,0.40625
5313,2,0.59375
5313,3,0.65625
5314,0,0.171875
5314,1,0.328125
5314,2,0.546875
5315,0,0.140625
5315,1,0.234375
5315,2,0.375
5315,3,0.53125
5315,4,0.59375
5316,0,0.28125
5316,1,0.453125
5316,2,0.515625
5317,0,0.21875
5317,1,0.390625
5317,2,0.578125
5317,3,0.65625
5318,0,0.171875
5318,1,0.34375
5319,0,0.203125
5319,1,0.5625
5320,0,0.21875
5320,1,0.40625
5320,2,0.4375
5320,3,0.625
5321,0,0.1875
5321,1,0.375
5321,2,0.578125
5321,3,0.59375
5321,4,0.640625
5322,0,0.171875
5322,1,0.3125
5322,2,0.53125
5322,3,0.59375
5323,0,0.203125
5323,1,0.46875
5323,2,0.546875
5323,3,0.46875
5323,4,0.53125
5324,0,0.203125
5324,1,0.390625
5324,2,0.4375
5324,3,0.578125
5325,0,0.171875
5325,1,0.28125
5325,2,0.484375
5325,3,0.53125
5326,0,0.1875
5326,1,0.40625
5326,2,0.453125
5326,3,0.609375
5326,4,0.65625
5327,0,0.15625
5327,1,0.34375
5327,2,0.5
5327,3,0.59375
5327,4,0.53125
5327,5,0.59375
5328,0,0.15625
5328,1,0.34375
5328,2,0.53125
5328,3,0.59375
5329,0,0.15625
5329,1,0.296875
5329,2,0.453125
5329,3,0.578125
5330,0,0.171875
5330,1,0.328125
5330,2,0.515625
5330,3,0.578125
5331,0,0.203125
5331,1,0.375
5331,2,0.578125
5331,3,0.5625
5332,0,0.265625
5332,1,0.46875
5332,2,0.53125
5333,0,0.15625
5333,1,0.34375
5333,2,0.453125
5334,0,0.140625
5334,1,0.328125
5334,2,0.53125
5334,3,0.671875
5335,0,0.21875
5335,1,0.3125
5335,2,0.515625
5335,3,0.578125
5336,0,0.21875
5336,1,0.359375
5337,0,0.203125
5337,1,0.28125
5337,2,0.46875
5337,3,0.53125
5337,4,0.640625
5338,0,0.25
5338,1,0.421875
5338,2,0.59375
5338,3,0.703125
5339,0,0.171875
5339,1,0.34375
5339,2,0.5
5340,0,0.1875
5340,1,0.375
5340,2,0.5625
5340,3,0.640625
5341,0,0.1875
5341,1,0.359375
5341,2,0.53125
5342,0,0.203125
5342,1,0.40625
5342,2,0.59375
5342,3,0.515625
5343,0,0.15625
5343,1,0.359375
5343,2,0.546875
5343,3,0.640625
5343,4,0.578125
5344,0,0.15625
5344,1,0.34375
5344,2,0.421875
5344,3,0.484375
5344,4,0.59375
5345,0,0.203125
5345,1,0.34375
5345,2,0.53125
5345,3,0.578125
5346,0,0.21875
5346,1,0.4375
5346,2,0.640625
5347,0,0.15625
5347,1,0.375
5347,2,0.515625
5347,3,0.59375
5348,0,0.15625
5348,1,0.3125
5348,2,0.484375
5348,3,0.6875
5349,0,0.1875
5349,1,0.40625
5349,2,0.53125
5350,0,0.203125
5350,1,0.375
5350,2,0.53125
5350,3,0.640625
5351,0,0.203125
5351,1,0.484375
5351,2,0.546875
5351,3,0.5
5351,4,0.625
5352,0,0.140625
5352,1,0.265625
5352,2,0.453125
5352,3,0.5
5352,4,0.5625
5353,0,0.1875
5353,1,0.375
5353,2,0.5625
5353,3,0.6875
5354,0,0.15625
5354,1,0.34375
5354,2,0.53125
5354,3,0.6875
5355,0,0.203125
5355,1,0.359375
5355,2,0.578125
5356,0,0.203125
5356,1,0.328125
5356,2,0.421875
5356,3,0.5
5357,0,0.171875
5357,1,0.3125
5357,2,0.5
5357,3,0.5625
5358,0,0.265625
5358,1,0.421875
5358,2,0.515625
5359,0,0.1875
5359,1,0.375
5360,0,0.15625
5360,1,0.375
5360,2,0.421875
5360,3,0.546875
5360,4,0.65625
5361,0,0.1875
5361,1,0.34375
5361,2,0.515625
5361,3,0.578125
5361,4,0.5625
5362,0,0.171875
5362,1,0.34375
5362,2,0.40625
5363,0,0.171875
5363,1,0.328125
5363,2,0.484375
5363,3,0.65625
5364,0,0.140625
5364,1,0.328125
5364,2,0.390625
5365,0,0.1875
5365,1,0.359375
5365,2,0.453125
5366,0,0.1875
5366,1,0.40625
5366,2,0.59375
5366,3,0.53125
5367,0,0.15625
5367,1,0.3125
5367,2,0.5
5367,3,0.5625
5368,0,0.171875
5368,1,0.375
5368,2,0.484375
5368,3,0.578125
5369,0,0.15625
5369,1,0.3125
5369,2,0.515625
5369,3,0.640625
5370,0,0.1875
5370,1,0.375
5370,2,0.453125
5370,3,0.390625
5370,4,0.546875
5370,5,0.484375
5370,6,0.53125
5370,7,0.59375
5371,0,0.171875
5371,1,0.34375
5371,2,0.578125
5371,3,0.6875
5372,0,0.1875
5372,1,0.359375
5372,2,0.59375
5372,3,0.640625
5373,0,0.171875
5373,1,0.375
5373,2,0.515625
5374,0,0.140625
5374,1,0.328125
5374,2,0.5
5375,0,0.1875
5375,1,0.359375
5375,2,0.453125
5375,3,0.625
5376,0,0.21875
5376,1,0.421875
5376,2,0.53125
5377,0,0.234375
5377,1,0.40625
5377,2,0.59375
5377,3,0.65625
5378,0,0.125
5378,1,0.28125
5378,2,0.484375
5378,3,0.6875
5378,4,0.515625
5378,5,0.65625
5379,0,0.15625
5379,1,0.359375
5379,2,0.53125
5379,3,0.703125
5380,0,0.140625
5380,1,0.421875
5380,2,0.609375
5380,3,0.671875
5381,0,0.1875
5381,1,0.484375
5381,2,0.609375
5382,0,0.1875
5382,1,0.390625
5382,2,0.53125
5383,0,0.15625
5383,1,0.359375
5383,2,0.546875
5383,3,0.65625
5384,0,0.21875
5384,1,0.484375
5384,2,0.671875
5385,0,0.1875
5385,1,0.34375
5386,0,0.15625
5386,1,0.375
5386,2,0.484375
5387,0,0.171875
5387,1,0.359375
5387,2,0.546875
5388,0,0.171875
5388,1,0.328125
5388,2,0.453125
5388,3,0.578125
5389,0,0.1875
5389,1,0.40625
5389,2,0.609375
5389,3,0.65625
5390,0,0.203125
5390,1,0.390625
5390,2,0.453125
5390,3,0.421875
5390,4,0.5625
5390,5,0.5
5390,6,0.53125
5390,7,0.53125
5391,0,0.171875
5391,1,0.140625
5391,2,0.28125
5391,3,0.46875
5391,4,0.65625
5391,5,0.34375
5391,6,0.609375
5392,0,0.1875
5392,1,0.34375
5392,2,0.53125
5392,3,0.59375
5393,0,0.1875
5393,1,0.359375
5393,2,0.515625
5394,0,0.1875
5394,1,0.34375
5394,2,0.515625
5394,3,0.546875
5394,4,0.609375
5395,0,0.1875
5395,1,0.359375
5395,2,0.5
5396,0,0.34375
5396,1,0.5
5396,2,0.5
5397,0,0.234375
5397,1,0.421875
5397,2,0.4375
5397,3,0.578125
5398,0,0.1875
5398,1,0.265625
5398,2,0.453125
5398,3,0.640625
5399,0,0.171875
5399,1,0.359375
5399,2,0.4375
5399,3,0.5
5399,4,0.5625
5400,0,0.21875
5400,1,0.375
5400,2,0.484375
5400,3,0.5625
5401,0,0.265625
5401,1,0.484375
5401,2,0.5625
5401,3,0.609375
5401,4,0.71875
5402,0,0.203125
5402,1,0.421875
5402,2,0.53125
5403,0,0.171875
5403,1,0.34375
5403,2,0.453125
5404,0,0.15625
5404,1,0.328125
5404,2,0.515625
5404,3,0.640625
5405,0,0.234375
5405,1,0.4375
5405,2,0.53125
5405,3,0.609375
5406,0,0.140625
5406,1,0.3125
5406,2,0.53125
5406,3,0.640625
5407,0,0.1875
5407,1,0.359375
5407,2,0.53125
5407,3,0.53125
5408,0,0.234375
5408,1,0.3125
5409,0,0.171875
5409,1,0.34375
5409,2,0.40625
5409,3,0.59375
5410,0,0.1875
5410,1,0.40625
5410,2,0.59375
5410,3,0.671875
5411,0,0.1875
5411,1,0.375
5411,2,0.53125
5411,3,0.625
5412,0,0.171875
5412,1,0.359375
5412,2,0.453125
5412,3,0.515625
5413,0,0.171875
5413,1,0.390625
5413,2,0.578125
5413,3,0.515625
5413,4,0.5625
5413,5,0.609375
5414,0,0.15625
5414,1,0.375
5414,2,0.5625
5414,3,0.640625
5415,0,0.171875
5415,1,0.375
5415,2,0.640625
5415,3,0.703125
5416,0,0.203125
5416,1,0.390625
5416,2,0.453125
5417,0,0.125
5417,1,0.265625
5417,2,0.46875
5417,3,0.640625
5418,0,0.15625
5418,1,0.375
5418,2,0.546875
5418,3,0.671875
5419,0,0.140625
5419,1,0.40625
5419,2,0.53125
5419,3,0.59375
5420,0,0.234375
5420,1,0.34375
5420,2,0.421875
5421,0,0.34375
5421,1,0.53125
5421,2,0.65625
5422,0,0.171875
5422,1,0.359375
5422,2,0.578125
5422,3,0.625
5423,0,0.140625
5423,1,0.28125
5423,2,0.4375
5423,3,0.625
5424,0,0.203125
5424,1,0.375
5424,2,0.484375
5425,0,0.140625
5425,1,0.40625
5425,2,0.5625
5425,3,0.671875
5426,0,0.21875
5426,1,0.296875
5426,2,0.359375
5426,3,0.4375
5427,0,0.171875
5427,1,0.40625
5427,2,0.625
5427,3,0.5625
5428,0,0.171875
5428,1,0.359375
5428,2,0.4375
5428,3,0.5625
5429,0,0.21875
5429,1,0.40625
5429,2,0.59375
5429,3,0.703125
5430,0,0.1875
5430,1,0.453125
5430,2,0.578125
5431,0,0.21875
5431,1,0.421875
5431,2,0.53125
5432,0,0.21875
5432,1,0.484375
5432,2,0.65625
5432,3,0.6875
5433,0,0.1875
5433,1,0.328125
5433,2,0.390625
5434,0,0.171875
5434,1,0.4375
5434,2,0.515625
5435,0,0.1875
5435,1,0.375
5435,2,0.515625
5436,0,0.1875
5436,1,0.328125
5436,2,0.484375
5436,3,0.6875
5437,0,0.203125
5437,1,0.390625
5437,2,0.5625
5438,0,0.171875
5438,1,0.359375
5438,2,0.546875
5438,3,0.59375
5439,0,0.203125
5439,1,0.390625
5439,2,0.578125
5440,0,0.140625
5440,1,0.328125
5440,2,0.5
5440,3,0.578125
5440,4,0.625
5441,0,0.1875
5441,1,0.34375
5441,2,0.40625
5442,0,0.171875
5442,1,0.4375
5442,2,0.515625
5442,3,0.578125
5442,4,0.5625
5443,0,0.234375
5443,1,0.28125
5443,2,0.46875
5443,3,0.546875
5444,0,0.15625
5444,1,0.328125
5444,2,0.5
5444,3,0.625
5445,0,0.1875
5445,1,0.40625
5445,2,0.46875
5446,0,0.296875
5446,1,0.375
5446,2,0.53125
5446,3,0.65625
5447,0,0.203125
5447,1,0.359375
5447,2,0.546875
5447,3,0.671875
5448,0,0.171875
5448,1,0.34375
5448,2,0.46875
5449,0,0.1875
5449,1,0.375
5449,2,0.53125
5449,3,0.59375
5450,0,0.171875
5450,1,0.328125
5450,2,0.453125
5451,0,0.203125
5451,1,0.390625
5451,2,0.515625
5452,0,0.203125
5452,1,0.359375
5452,2,0.4375
5452,3,0.5
5452,4,0.5625
5453,0,0.234375
5453,1,0.421875
5453,2,0.609375
5454,0,0.234375
5454,1,0.375
5454,2,0.53125
5454,3,0.671875
5455,0,0.1875
5455,1,0.34375
5455,2,0.515625
5455,3,0.578125
5455,4,0.640625
5456,0,0.21875
5456,1,0.265625
5456,2,0.484375
5456,3,0.515625
5457,0,0.25
5457,1,0.4375
5457,2,0.625
5457,3,0.6875
5458,0,0.171875
5458,1,0.359375
5458,2,0.328125
5458,3,0.484375
5458,4,0.5
5458,5,0.6875
5459,0,0.1875
5459,1,0.375
5459,2,0.4375
5460,0,0.203125
5460,1,0.46875
5460,2,0.640625
5460,3,0.5625
5461,0,0.1875
5461,1,0.34375
5461,2,0.46875
5461,3,0.4375
5461,4,0.53125
5461,5,0.65625
5462,0,0.125
5462,1,0.328125
5462,2,0.46875
5462,3,0.578125
5463,0,0.171875
5463,1,0.40625
5463,2,0.640625
5463,3,0.625
5464,0,0.171875
5464,1,0.328125
5464,2,0.515625
5464,3,0.546875
5465,0,0.109375
5465,1,0.25
5465,2,0.484375
5465,3,0.609375
5466,0,0.1875
5466,1,0.375
5466,2,0.515625
5466,3,0.59375
5467,0,0.21875
5467,1,0.390625
5467,2,0.5
5468,0,0.171875
5468,1,0.375
5468,2,0.4375
5468,3,0.5625
5468,4,0.671875
5469,0,0.171875
5469,1,0.328125
5469,2,0.53125
5469,3,0.59375
5470,0,0.125
5470,1,0.34375
5470,2,0.5
5470,3,0.640625
5470,4,0.578125
5471,0,0.125
5471,1,0.328125
5471,2,0.53125
5471,3,0.59375
5471,4,0.640625
5472,0,0.203125
5472,1,0.3125
5472,2,0.421875
5472,3,0.5
5473,0,0.15625
5473,1,0.34375
5473,2,0.515625
5473,3,0.5
5474,0,0.1875
5474,1,0.34375
5474,2,0.53125
5474,3,0.59375
5475,0,0.203125
5475,1,0.40625
5475,2,0.5
5476,0,0.125
5476,1,0.296875
5476,2,0.359375
5476,3,0.546875
5477,0,0.171875
5477,1,0.359375
5477,2,0.546875
5478,0,0.25
5478,1,0.40625
5478,2,0.453125
5478,3,0.640625
5479,0,0.1875
5479,1,0.359375
5479,2,0.40625
5479,3,0.46875
5479,4,0.53125
5480,0,0.21875
5480,1,0.3125
5480,2,0.515625
5481,0,0.21875
5481,1,0.359375
5481,2,0.546875
5482,0,0.1875
5482,1,0.375
5482,2,0.421875
5482,3,0.59375
5483,0,0.234375
5483,1,0.4375
5483,2,0.484375
5483,3,0.671875
5484,0,0.21875
5484,1,0.375
5484,2,0.453125
5484,3,0.625
5485,0,0.203125
5485,1,0.40625
5485,2,0.5625
5485,3,0.734375
5486,0,0.1875
5486,1,0.34375
5486,2,0.515625
5486,3,0.453125
5486,4,0.625
5486,5,0.5625
5487,0,0.265625
5487,1,0.46875
5487,2,0.53125
5488,0,0.203125
5488,1,0.390625
5488,2,0.578125
5488,3,0.625
5489,0,0.140625
5489,1,0.328125
5489,2,0.484375
5490,0,0.140625
5490,1,0.328125
5490,2,0.53125
5490,3,0.65625
5491,0,0.171875
5491,1,0.359375
5491,2,0.53125
5491,3,0.65625
5492,0,0.171875
5492,1,0.34375
5492,2,0.359375
5492,3,0.453125
5492,4,0.546875
5492,5,0.515625
5493,0,0.171875
5493,1,0.328125
5493,2,0.53125
5493,3,0.375
5493,4,0.453125
5494,0,0.203125
5494,1,0.390625
5494,2,0.421875
5494,3,0.5
5494,4,0.578125
5495,0,0.203125
5495,1,0.390625
5495,2,0.5
5496,0,0.203125
5496,1,0.359375
5496,2,0.359375
5496,3,0.5
5496,4,0.703125
5497,0,0.203125
5497,1,0.40625
5497,2,0.46875
5498,0,0.203125
5498,1,0.40625
5498,2,0.59375
5498,3,0.59375
5498,4,0.546875
5498,5,0.640625
5499,0,0.265625
5499,1,0.5
5499,2,0.59375
5499,3,0.609375
