rollout,total_steps,avg_score,avg_steps,policy_loss,value_loss,entropy
1,2048,63.57,11.77,0.1023,2869.4650,2.0920
2,4096,60.21,11.25,0.0466,3348.1778,1.9911
3,6144,62.81,11.68,0.0573,2800.3562,1.9684
4,8192,65.48,11.83,0.0707,2651.1874,1.9289
5,10240,59.29,11.48,0.0516,3735.9953,1.8644
6,12288,64.53,11.64,0.0181,3743.8271,1.7689
7,14336,65.23,11.78,0.0153,3530.9695,1.7835
8,16384,66.41,11.38,0.0185,3585.1044,1.7960
9,18432,63.60,11.72,0.0169,2993.2023,1.7815
10,20480,67.74,11.79,0.0373,4323.8293,1.6588
11,22528,56.48,11.20,0.0134,3497.2319,1.7341
12,24576,61.35,11.46,0.0246,3367.2717,1.8104
13,26624,58.89,11.27,0.0128,3480.2647,1.7452
14,28672,65.09,11.47,0.0193,3508.3267,1.7179
15,30720,65.14,11.78,0.0460,4189.0471,1.6743
16,32768,64.89,12.04,0.0230,3915.9315,1.5685
17,34816,64.66,11.79,0.0311,4178.1336,1.5829
18,36864,65.90,11.68,0.0177,3568.7307,1.6140
19,38912,63.04,11.84,0.0219,3996.7172,1.5321
20,40960,67.68,12.11,0.0211,4081.8576,1.5684
21,43008,63.21,11.52,0.0282,3272.0437,1.4913
22,45056,68.36,12.19,0.0150,3266.1523,1.4719
23,47104,61.67,11.80,0.0178,3232.1224,1.4938
24,49152,77.18,12.58,0.0180,3818.5462,1.4783
25,51200,67.37,11.75,0.0225,4025.0198,1.5155
26,53248,68.07,11.89,0.0125,4119.5376,1.6085
27,55296,72.27,12.36,0.0016,3764.6198,1.5465
28,57344,64.21,11.85,0.0221,3863.1607,1.5774
29,59392,72.58,12.36,0.0126,4100.5243,1.5923
30,61440,68.69,11.77,0.0140,4378.2596,1.5813
31,63488,72.28,12.34,0.0267,4785.1741,1.5532
32,65536,77.95,12.44,0.0145,6197.2899,1.5888
33,67584,70.89,11.89,0.0121,5849.4300,1.5395
34,69632,67.18,12.17,0.0200,5633.2176,1.5027
35,71680,64.08,11.75,0.0212,4648.6287,1.4691
36,73728,70.89,12.46,0.0251,4385.2525,1.4330
37,75776,74.23,12.44,0.0121,4384.9867,1.4300
38,77824,66.29,11.96,0.0142,4602.5236,1.4451
39,79872,71.82,12.26,0.0126,3947.6068,1.4797
40,81920,70.67,12.18,0.0280,4606.2924,1.4736
41,83968,73.69,12.29,0.0125,4894.7333,1.5372
42,86016,73.33,12.54,0.0091,4580.5722,1.5156
43,88064,75.43,12.53,0.0176,4291.0429,1.4800
44,90112,66.23,12.09,0.0326,2967.9651,1.4290
45,92160,68.79,11.99,0.0166,3725.8165,1.4327
46,94208,67.60,12.09,0.0261,2776.5282,1.5437
47,96256,70.03,12.07,0.0225,4578.2749,1.5333
48,98304,63.73,11.53,0.0115,4274.5936,1.5022
49,100352,68.91,11.94,0.0100,3978.8123,1.5645
50,102400,70.20,12.05,0.0156,3548.6303,1.5416
51,104448,72.08,11.97,0.0106,3681.4227,1.4562
52,106496,64.21,11.80,0.0122,3220.3577,1.5750
53,108544,71.46,12.40,0.0224,3716.7611,1.5095
54,110592,67.07,12.11,0.0110,3999.7851,1.5615
55,112640,71.62,12.45,0.0140,3916.9674,1.5772
56,114688,62.60,11.84,0.0193,3969.3510,1.5269
57,116736,68.28,12.01,0.0269,4425.9571,1.6209
58,118784,75.85,12.38,0.0120,5212.8475,1.7192
59,120832,64.60,11.90,0.0105,3637.9600,1.7165
60,122880,70.65,12.27,0.0067,4288.3500,1.6533
61,124928,84.03,13.28,0.0065,4547.2492,1.5691
62,126976,61.78,11.66,0.0090,4154.9817,1.6480
63,129024,79.83,12.72,0.0087,4189.2947,1.5559
64,131072,69.66,12.03,0.0141,4876.7070,1.5803
65,133120,67.88,12.08,0.0146,4114.0016,1.6285
66,135168,79.28,12.99,0.0113,4301.5246,1.5365
67,137216,78.78,13.06,0.0118,4230.9841,1.4568
68,139264,71.32,12.40,0.0181,3702.9064,1.5487
69,141312,63.79,12.15,0.0262,3842.0350,1.5085
70,143360,69.07,12.09,0.0153,3473.2564,1.4998
71,145408,58.15,11.36,0.0077,4173.3003,1.4404
72,147456,64.87,11.88,0.0142,3580.0604,1.5422
73,149504,63.09,11.65,0.0175,2784.2610,1.6459
74,151552,62.63,11.47,0.0345,3486.5519,1.5076
75,153600,65.90,11.92,0.0109,3933.9933,1.4469
76,155648,60.20,11.35,0.0124,4863.5050,1.3795
77,157696,73.85,12.43,0.0185,4449.5782,1.3966
78,159744,78.50,12.17,0.0165,5251.5605,1.4316
79,161792,75.81,12.54,0.0333,4871.6189,1.4571
80,163840,60.56,11.81,0.0275,4136.9321,1.5915
81,165888,70.14,12.44,0.0283,3866.2050,1.4798
82,167936,66.43,12.17,0.0204,3588.3112,1.4704
83,169984,56.03,10.98,0.0306,3258.2508,1.4323
84,172032,77.76,12.81,0.0140,4076.1987,1.3466
85,174080,59.00,11.32,0.0073,4746.3512,1.5152
86,176128,76.75,12.82,0.0208,3904.5076,1.3990
87,178176,68.48,12.04,0.0250,4240.7686,1.3402
88,180224,68.27,11.94,0.0205,4141.6371,1.4469
89,182272,61.26,11.36,0.0119,3485.4435,1.4350
90,184320,66.16,11.80,0.0039,3792.0977,1.4756
91,186368,77.82,12.35,0.0102,4524.2658,1.4408
92,188416,70.22,12.14,0.0094,4700.3278,1.4894
93,190464,87.52,13.20,0.0194,5961.9957,1.4188
94,192512,74.70,12.62,0.0273,4720.9666,1.4935
95,194560,67.04,11.91,0.0071,3468.8860,1.4966
96,196608,71.36,12.34,0.0131,3887.5188,1.5366
97,198656,82.16,12.40,0.0136,5603.3721,1.5160
98,200704,85.67,13.32,0.0156,4665.7594,1.5006
99,202752,70.21,12.27,0.0187,3905.9386,1.5677
100,204800,70.38,12.53,0.0246,4453.3847,1.5162
101,206848,72.93,12.66,0.0238,4438.3433,1.5500
102,208896,82.54,12.76,0.0115,5905.7950,1.4331
103,210944,82.85,12.85,0.0215,5833.1762,1.4342
104,212992,79.77,12.90,0.0174,6358.7287,1.4183
105,215040,74.17,12.53,0.0076,4787.7931,1.5106
106,217088,72.82,12.30,0.0166,4796.3165,1.4536
107,219136,78.71,12.80,0.0225,4603.7471,1.5218
108,221184,72.97,12.52,0.0179,5592.5722,1.6216
109,223232,69.32,12.33,0.0231,4750.7466,1.5625
110,225280,74.52,12.77,0.0079,5221.6878,1.6286
111,227328,66.35,12.05,0.0143,4126.8602,1.6932
112,229376,69.38,12.03,0.0149,4239.8461,1.7833
113,231424,76.26,12.40,0.0049,3796.1618,1.7350
114,233472,67.91,11.69,0.0269,4026.6169,1.6937
115,235520,71.53,12.41,0.0089,4780.9298,1.7339
116,237568,78.01,13.09,0.0157,4438.3901,1.6531
117,239616,87.93,13.55,0.0182,5423.3309,1.6039
118,241664,73.07,12.62,0.0117,5171.6796,1.6313
119,243712,63.51,11.86,0.0228,4469.1004,1.7056
120,245760,71.91,12.50,0.0188,3811.6332,1.6588
121,247808,74.01,12.52,0.0111,4347.1452,1.7012
122,249856,81.19,13.11,0.0165,4387.0629,1.6765
123,251904,69.75,12.33,0.0321,3812.0863,1.6506
124,253952,84.77,13.20,0.0202,4861.9531,1.6496
125,256000,77.56,12.56,0.0168,4837.2116,1.6155
126,258048,67.93,12.24,0.0108,4565.6290,1.6036
127,260096,77.97,13.01,0.0228,4195.2873,1.5729
128,262144,75.15,12.50,0.0219,4116.0973,1.5278
129,264192,75.47,12.58,0.0465,5042.5632,1.4491
130,266240,74.16,12.32,0.0386,5565.7850,1.4774
131,268288,80.55,12.71,0.0308,4654.5255,1.3884
132,270336,71.21,12.52,0.0266,4189.1923,1.3922
133,272384,72.72,12.64,0.0212,5072.4284,1.3577
134,274432,76.65,12.91,0.0168,5366.0565,1.3626
135,276480,71.42,12.17,0.0172,5401.4198,1.3388
136,278528,77.88,12.55,0.0178,4883.9244,1.3654
137,280576,74.12,12.73,0.0250,4795.3860,1.3790
138,282624,82.72,13.26,0.0544,4532.2488,1.2737
139,284672,71.10,12.28,0.0125,5362.5312,1.3526
140,286720,82.21,12.89,0.0110,5634.7794,1.3848
141,288768,73.11,12.54,0.0338,4628.9221,1.3852
142,290816,69.00,12.39,0.0126,3718.0552,1.3787
143,292864,77.25,12.95,0.0441,4605.7593,1.3520
144,294912,80.99,12.74,0.0176,4898.6732,1.3831
145,296960,81.82,13.02,0.0208,4840.2415,1.4009
146,299008,72.17,12.56,0.0134,4630.5742,1.3452
147,301056,84.04,13.61,0.0152,4736.2506,1.3339
148,303104,75.72,12.48,0.0147,5100.2714,1.3435
149,305152,83.12,13.40,0.0131,4419.5055,1.2892
150,307200,76.89,12.96,0.0494,3732.6069,1.3086
151,309248,85.50,13.14,0.0243,5285.5138,1.3522
152,311296,79.86,12.72,0.0288,5878.2227,1.2956
153,313344,74.40,12.43,0.0182,4587.1650,1.2560
154,315392,82.34,12.83,0.0288,5055.0490,1.2296
155,317440,73.83,12.78,0.0246,3992.4255,1.1928
156,319488,88.87,13.29,0.0290,4947.5072,1.1193
157,321536,87.56,13.45,0.0113,5422.7601,1.0430
158,323584,83.35,12.64,0.0187,5510.5664,1.0918
159,325632,85.58,13.50,0.0344,4538.6045,1.0192
160,327680,84.07,12.82,0.0273,6179.9961,1.0047
161,329728,77.15,12.87,0.0235,5157.6069,0.8902
162,331776,72.23,12.83,0.0430,4120.6274,0.8321
163,333824,80.60,13.23,0.0754,5358.2773,0.8428
164,335872,70.67,12.41,0.0264,3994.5357,0.9100
165,337920,75.62,12.94,0.0189,4977.7220,0.8792
166,339968,79.26,12.70,0.0314,4513.1962,0.8944
167,342016,74.48,12.57,0.0276,4948.0793,0.8478
168,344064,82.17,12.80,0.0356,5382.9011,0.9006
169,346112,75.02,12.57,0.0185,4745.7699,0.8819
170,348160,74.35,12.81,0.0425,4532.2100,0.8207
171,350208,71.01,12.50,0.0239,5518.0060,0.7302
172,352256,89.21,13.11,0.0286,5761.7878,0.6790
173,354304,82.10,12.87,0.0229,5381.0099,0.5964
174,356352,75.41,12.59,0.0132,5655.1705,0.6701
175,358400,78.82,12.99,0.0220,6083.1513,0.6864
176,360448,82.15,12.85,0.0317,5958.1193,0.7087
177,362496,87.63,13.30,0.0195,6180.6032,0.6968
178,364544,65.85,12.02,0.0179,4386.5097,0.7762
179,366592,75.40,12.37,0.0227,4557.2033,0.7430
180,368640,81.61,13.26,0.0149,4456.5567,0.8014
181,370688,77.50,12.65,0.0234,5260.8748,0.7657
182,372736,87.01,13.66,0.0422,6552.9970,0.6867
183,374784,73.82,12.54,0.0186,5591.6673,0.6190
184,376832,79.74,12.95,0.0245,4561.3271,0.6467
185,378880,69.71,12.45,0.0564,3487.7810,0.6473
186,380928,77.81,12.72,0.0395,5114.7631,0.4858
187,382976,87.49,13.52,0.0192,5079.4641,0.5157
188,385024,73.51,12.59,0.0085,5803.7702,0.5727
189,387072,91.09,13.18,0.0048,5342.1027,0.6334
190,389120,85.74,13.19,0.0050,5649.0007,0.7428
191,391168,84.88,13.42,0.0055,5279.8850,0.8256
192,393216,78.52,13.00,0.0077,5651.3121,0.8298
193,395264,86.90,13.57,0.0166,5676.0585,0.7873
194,397312,84.96,13.24,0.0130,5262.7135,0.8617
195,399360,86.76,13.42,0.0131,5126.8239,0.7818
196,401408,76.30,13.06,0.0125,4744.2033,0.8500
197,403456,78.23,12.90,0.0296,5112.6147,0.8712
198,405504,77.00,12.68,0.0070,4583.9920,0.8667
199,407552,92.38,13.59,0.0163,6322.1881,0.8792
200,409600,83.33,13.26,0.0103,4527.2232,0.9463
201,411648,99.66,13.88,0.0138,6910.7740,0.9231
202,413696,82.48,13.30,0.0114,5722.4090,0.9664
203,415744,80.09,12.88,0.0129,6485.3144,0.8909
204,417792,82.81,13.19,0.0109,5372.2152,0.8334
205,419840,80.52,13.07,0.0242,4987.9042,0.7865
206,421888,73.15,12.42,0.0210,4701.9534,0.8048
207,423936,87.82,13.64,0.0202,5499.3003,0.7175
208,425984,88.09,13.74,0.0127,5065.6943,0.7624
209,428032,88.29,13.40,0.0414,4494.6936,0.7249
210,430080,84.17,13.15,0.0100,4189.3629,0.7419
211,432128,66.31,11.95,0.0070,3914.8311,0.7694
212,434176,75.80,12.71,0.0205,4889.3119,0.7266
213,436224,106.08,14.59,0.0172,6423.3038,0.7482
214,438272,97.35,13.78,0.0208,6271.6684,0.7145
215,440320,75.79,12.93,0.0244,5451.1759,0.7942
216,442368,72.55,12.89,0.0116,4308.8234,0.8204
217,444416,96.50,13.57,0.0217,6990.8276,0.7619
218,446464,85.82,13.41,0.0145,5770.9665,0.6870
219,448512,96.23,13.90,0.0084,9001.6777,0.7388
220,450560,81.44,13.32,0.0134,4838.9081,0.7567
221,452608,76.26,12.66,0.0100,5392.9500,0.7616
222,454656,87.66,13.58,0.0172,4997.1958,0.7693
223,456704,81.70,13.36,0.0148,5552.8552,0.7910
224,458752,90.47,13.89,0.0298,6033.8692,0.7623
225,460800,84.93,13.08,0.0139,5897.3714,0.7721
226,462848,97.43,14.35,0.0062,5843.0712,0.7505
227,464896,83.59,13.42,0.0107,4846.5944,0.7763
228,466944,81.74,13.27,0.0144,5638.5817,0.7145
229,468992,85.83,13.58,0.0191,5342.9506,0.7514
230,471040,92.64,13.56,0.0088,6311.5564,0.7487
231,473088,82.61,13.43,0.0125,4865.3819,0.7662
232,475136,81.20,13.19,0.0118,5451.6451,0.7425
233,477184,80.86,13.30,0.0194,5041.6980,0.8077
234,479232,87.60,13.49,0.0176,6609.6550,0.8434
235,481280,92.94,14.31,0.0070,6415.9622,0.7889
236,483328,80.80,13.40,0.0037,5681.2522,0.8279
237,485376,84.53,13.68,0.0144,4974.9953,0.9060
238,487424,83.75,13.28,0.0070,5731.5222,0.9092
239,489472,77.51,13.09,0.0026,5047.8870,0.9556
240,491520,76.82,13.09,0.0182,4333.8749,0.9167
241,493568,88.57,13.50,0.0125,5033.4160,0.8386
242,495616,81.67,13.33,0.0107,5301.7245,0.8737
243,497664,99.59,14.63,0.0215,5580.8654,0.7967
244,499712,83.12,13.73,0.0149,7403.2902,0.8546
245,501760,86.66,13.13,0.0056,5403.1413,0.8414
246,503808,86.75,13.33,0.0093,5940.3383,0.8982
247,505856,92.36,13.80,0.0159,6031.7925,0.9346
248,507904,87.30,13.41,0.0130,5804.0537,0.8863
249,509952,79.46,12.93,0.0141,4826.4877,0.9518
250,512000,93.42,14.00,0.0094,5763.7636,0.8383
251,514048,80.06,13.17,0.0204,5444.9189,0.8921
252,516096,91.92,13.83,0.0210,6066.0859,0.8060
253,518144,89.87,13.99,0.0235,5416.0229,0.8778
254,520192,89.39,14.04,0.0150,5314.6973,0.8345
255,522240,83.99,13.75,0.0109,4354.6170,0.8931
256,524288,82.28,13.22,0.0186,5052.6432,0.9527
257,526336,81.05,13.26,0.0447,4736.8477,0.8850
258,528384,93.15,14.00,0.0103,6955.8112,0.7822
259,530432,83.72,13.36,0.0112,5963.9940,0.7928
260,532480,82.02,13.60,0.0176,4821.2301,0.8603
261,534528,89.99,13.85,0.0188,5334.1649,0.8723
262,536576,103.62,14.38,0.0256,7159.7444,0.8540
263,538624,86.28,13.62,0.0145,5939.5130,0.8802
264,540672,88.77,13.43,0.0205,5614.5293,0.8667
265,542720,81.45,13.17,0.0261,4825.1128,0.8778
266,544768,78.29,13.13,0.0228,4257.3147,0.9799
267,546816,94.99,14.00,0.0253,5043.7189,0.9556
268,548864,78.16,12.94,0.0194,3606.9878,1.0697
269,550912,82.19,13.05,0.0247,4662.3516,0.9208
270,552960,83.26,13.04,0.0247,4798.1022,0.9663
271,555008,81.99,13.17,0.0358,4942.4225,0.9426
272,557056,89.37,13.47,0.0227,6260.8093,0.9807
273,559104,80.72,13.35,0.0177,4051.3325,1.0650
274,561152,87.35,13.19,0.0202,4494.3422,0.9840
275,563200,86.92,13.40,0.0271,6058.1096,0.9478
276,565248,77.08,12.97,0.0123,4291.1282,1.0296
277,567296,98.83,13.87,0.0169,5184.6750,0.9628
278,569344,91.57,13.82,0.0334,4486.3272,1.0168
279,571392,87.68,13.10,0.0214,6597.2371,0.9828
280,573440,99.15,14.53,0.0192,4864.5295,0.9380
281,575488,75.43,12.50,0.0194,5354.4246,0.9478
282,577536,82.23,12.76,0.0226,5380.7044,0.9393
283,579584,79.13,12.94,0.0155,4059.6002,0.9215
284,581632,82.85,13.30,0.0396,4780.5876,0.9164
285,583680,81.81,13.28,0.0154,5911.0949,0.8827
286,585728,82.45,13.22,0.0186,4695.5395,0.9287
287,587776,77.93,12.84,0.0263,3740.0539,0.9407
288,589824,91.49,13.77,0.0243,4552.6619,0.8519
289,591872,93.41,14.07,0.0520,5687.9143,0.8269
290,593920,79.48,13.27,0.0215,5388.2699,0.8628
291,595968,81.51,12.93,0.0276,4421.6855,0.8654
292,598016,81.66,13.18,0.0212,5775.4910,0.8697
293,600064,86.33,13.33,0.0082,7095.3223,0.9339
294,602112,84.31,13.37,0.0082,5520.6272,0.9134
295,604160,82.93,13.41,0.0205,4693.4166,0.9051
296,606208,82.77,13.24,0.0254,4831.8730,0.9047
297,608256,82.31,13.17,0.0062,4573.2588,0.8992
298,610304,89.20,13.57,0.0171,5900.5906,0.8610
299,612352,85.31,13.26,0.0109,5470.8101,0.8696
300,614400,86.22,13.25,0.0228,5718.7103,0.9341
301,616448,82.97,13.30,0.0216,6689.5729,1.0009
302,618496,78.00,13.01,0.0170,5557.3461,1.0203
303,620544,70.28,12.04,0.0116,4472.2000,1.1037
304,622592,89.55,13.44,0.0239,6206.4195,1.0106
305,624640,86.42,13.61,0.0187,5675.8190,1.0972
306,626688,96.22,14.28,0.0403,5552.3101,1.0112
307,628736,85.33,13.10,0.0099,6041.7005,1.0236
308,630784,74.51,12.84,0.0085,4891.3779,1.0351
309,632832,91.01,13.35,0.0141,5824.1741,1.0362
310,634880,99.69,13.63,0.0178,7359.3651,1.0421
311,636928,81.27,13.30,0.0210,4979.6775,1.0902
312,638976,77.06,12.94,0.0085,3997.6888,1.0770
313,641024,90.60,13.80,0.0159,5299.9130,1.0722
314,643072,103.28,14.34,0.0164,6410.1587,1.0333
315,645120,81.73,12.96,0.0056,5235.5813,1.0988
316,647168,97.33,14.46,0.0146,5995.3391,1.0062
317,649216,80.31,13.28,0.0086,5057.0412,1.1013
318,651264,80.32,12.71,0.0112,5820.8158,1.0749
319,653312,90.87,14.04,0.0181,6203.0165,1.0244
320,655360,79.77,12.91,0.0098,5503.9006,1.0807
321,657408,90.82,13.79,0.0133,6017.7344,0.9970
322,659456,96.78,14.19,0.0087,5242.5343,1.0210
323,661504,76.44,12.65,0.0124,5745.2935,1.0960
324,663552,72.99,12.38,0.0024,5729.5306,1.0777
325,665600,78.87,12.75,0.0150,4354.2243,1.1165
326,667648,92.50,13.68,0.0230,5602.8354,1.0603
327,669696,94.67,13.36,0.0357,7489.2377,1.1056
328,671744,86.41,13.31,0.0290,6403.4820,0.9746
329,673792,75.69,13.07,0.0394,5094.6260,1.0222
330,675840,76.39,12.90,0.0191,5152.3833,1.0080
331,677888,90.78,13.35,0.0091,7812.6388,0.9703
332,679936,86.35,13.41,0.0241,5091.4701,0.9521
333,681984,86.36,13.52,0.0083,5738.7364,0.9097
334,684032,83.89,13.48,0.0094,4915.3085,0.9706
335,686080,81.13,13.40,0.0106,4260.3907,1.0164
336,688128,84.14,13.21,0.0187,5064.5180,0.9688
337,690176,79.72,13.16,0.0323,4552.6928,0.9863
338,692224,77.58,12.75,0.0205,6658.5273,0.9353
339,694272,99.17,13.96,0.0142,6813.6429,0.8969
340,696320,72.57,12.79,0.0158,5266.3438,0.9895
341,698368,80.35,13.19,0.0070,4396.2951,0.9507
342,700416,82.16,13.08,0.0130,3952.0900,0.8794
343,702464,81.49,13.27,0.0109,4191.3588,0.9053
344,704512,82.80,12.87,0.0079,4352.7410,0.9468
345,706560,89.59,13.86,0.0085,4272.6328,0.8862
346,708608,97.23,14.08,0.0093,5439.6261,0.8614
347,710656,99.57,14.32,0.0080,7497.1535,0.8152
348,712704,80.61,12.82,0.0119,6177.7582,0.8190
349,714752,90.87,13.89,0.0098,6528.1655,0.8009
350,716800,78.55,12.76,0.0350,5830.5162,0.8598
351,718848,98.31,14.37,0.0219,4867.6220,0.8438
352,720896,85.61,13.80,0.0194,4777.9331,0.8762
353,722944,84.79,13.33,0.0040,4620.2097,0.9333
354,724992,84.34,13.70,0.0160,4878.9251,1.0373
355,727040,75.92,12.84,0.0160,4940.9671,1.0718
356,729088,83.17,13.11,0.0183,5318.6378,1.0767
357,731136,86.71,13.49,0.0102,5485.8145,1.0142
358,733184,79.46,12.81,0.0173,5310.1291,1.0449
359,735232,75.82,12.99,0.0223,5257.4232,0.9967
360,737280,81.92,13.20,0.0313,5007.1726,0.9838
361,739328,80.18,13.30,0.0291,5836.7594,0.9486
362,741376,82.28,13.07,0.0168,4831.0406,1.0193
363,743424,81.46,13.06,0.0224,5036.7343,0.9781
364,745472,93.20,14.11,0.0233,6350.3752,0.8616
365,747520,81.92,13.24,0.0027,6446.1537,0.9819
366,749568,93.15,13.77,0.0165,6604.9329,0.9796
367,751616,90.20,13.62,0.0155,6263.4899,0.9940
368,753664,87.59,13.48,0.0203,5741.2458,0.9916
369,755712,82.21,13.35,0.0287,4468.4829,1.0033
370,757760,78.94,13.28,0.0433,4579.7337,0.9295
371,759808,89.12,13.85,0.0336,4308.2527,0.9168
372,761856,104.08,14.39,0.0311,9430.1484,0.8908
373,763904,94.15,13.79,0.0176,5937.5314,0.9194
374,765952,90.10,13.55,0.0312,6929.0684,0.8752
375,768000,97.00,14.04,0.0282,6204.6749,0.8495
376,770048,82.94,13.12,0.0162,6054.6996,0.8028
377,772096,85.04,13.39,0.0239,5293.8052,0.8040
378,774144,88.55,13.70,0.0248,4918.5726,0.8225
379,776192,94.80,13.94,0.0110,5886.5808,0.7744
380,778240,84.52,13.49,0.0394,5253.7091,0.8194
381,780288,92.88,14.36,0.0184,4730.9978,0.7994
382,782336,106.69,14.33,0.0340,7849.4038,0.7514
383,784384,99.44,14.33,0.0100,6705.5170,0.7897
384,786432,102.41,14.12,0.0086,6576.4536,0.8033
385,788480,102.08,14.17,0.0196,7104.0991,0.7674
386,790528,98.74,14.25,0.0058,9844.8871,0.8157
387,792576,88.53,13.97,0.0114,5655.8180,0.8094
388,794624,90.90,14.13,0.0106,5586.9323,0.8835
389,796672,99.52,14.09,0.0198,7497.2659,0.8368
390,798720,92.54,13.67,0.0128,6642.8559,0.7803
391,800768,95.03,14.26,0.0147,6110.5770,0.8264
392,802816,92.20,14.26,0.0130,6980.0350,0.8697
393,804864,91.83,13.72,0.0056,6326.7327,0.9545
394,806912,90.07,13.51,0.0170,5370.8888,0.9223
395,808960,103.73,13.77,0.0155,7753.3667,0.7664
396,811008,88.73,13.91,0.0185,7706.1841,0.8007
397,813056,82.35,13.70,0.0226,4372.2778,0.8213
398,815104,96.57,13.90,0.0199,5788.9364,0.8038
399,817152,94.21,13.89,0.0223,6797.3258,0.7564
400,819200,101.50,14.40,0.0114,7486.4385,0.7604
401,821248,101.58,14.50,0.0334,7477.9896,0.7049
402,823296,107.58,14.96,0.0302,7926.1419,0.6697
403,825344,101.48,14.79,0.0145,6974.2492,0.6966
404,827392,99.87,14.06,0.0250,7831.9131,0.7385
405,829440,101.79,14.71,0.0197,6671.8961,0.6239
406,831488,95.18,14.24,0.0180,6285.5597,0.6575
407,833536,107.95,15.13,0.0153,6642.1281,0.6052
408,835584,109.17,15.38,0.0156,6664.2470,0.5867
409,837632,97.39,14.39,0.0181,7038.7778,0.6479
410,839680,108.45,15.08,0.0200,8136.4975,0.5245
411,841728,99.74,14.39,0.0113,7607.2302,0.5537
412,843776,105.03,14.52,0.0172,7839.4642,0.5623
413,845824,93.87,14.25,0.0118,5099.4498,0.6418
414,847872,99.54,14.53,0.0110,6986.9719,0.6258
415,849920,105.09,14.73,0.0043,6183.6834,0.6470
416,851968,99.63,14.48,0.0125,6327.6790,0.6453
417,854016,101.05,14.59,0.0132,6257.6748,0.7066
418,856064,91.64,14.10,0.0074,5753.0846,0.7357
419,858112,97.24,14.49,0.0148,5406.9399,0.6825
420,860160,101.57,14.59,0.0215,5895.4701,0.6497
421,862208,97.78,14.29,0.0175,6777.8558,0.6503
422,864256,107.50,14.86,0.0075,7723.5343,0.6725
423,866304,103.77,14.41,0.0070,7658.4949,0.6876
424,868352,102.64,14.70,0.0154,6782.8021,0.6978
425,870400,108.80,14.36,0.0116,9493.7144,0.7756
426,872448,98.40,14.19,0.0116,6351.9447,0.7787
427,874496,100.15,14.46,0.0154,7809.5235,0.7409
428,876544,97.71,14.49,0.0117,7125.6727,0.7785
429,878592,97.19,14.46,0.0179,6580.5473,0.7326
430,880640,96.22,14.71,0.0218,6852.4804,0.7196
431,882688,108.02,14.88,0.0197,5478.0474,0.7629
432,884736,105.83,14.76,0.0238,6503.0125,0.7109
433,886784,113.90,15.62,0.0107,7959.2772,0.6031
434,888832,109.62,15.11,0.0098,8261.3946,0.6572
435,890880,102.93,14.85,0.0225,8105.9811,0.6317
436,892928,117.53,15.24,0.0220,8039.1558,0.6827
437,894976,89.33,14.34,0.0157,5116.3328,0.7030
438,897024,93.54,14.13,0.0196,6263.7581,0.7263
439,899072,95.25,14.29,0.0166,5655.7339,0.6617
440,901120,101.84,14.84,0.0114,6073.1045,0.6198
441,903168,108.38,14.81,0.0123,6883.1704,0.6779
442,905216,92.51,14.00,0.0114,5716.3295,0.7278
443,907264,114.91,15.53,0.0227,7282.1878,0.6185
444,909312,92.19,14.35,0.0208,6003.6783,0.7262
445,911360,103.98,14.48,0.0167,6601.1932,0.7481
446,913408,100.79,14.40,0.0218,7921.6820,0.7354
447,915456,97.84,14.76,0.0068,8065.1909,0.7475
448,917504,106.89,15.06,0.0109,7616.5531,0.7304
449,919552,106.82,15.09,0.0121,6849.8248,0.7187
450,921600,97.40,14.30,0.0245,7505.5175,0.6978
451,923648,107.42,15.08,0.0233,6738.2181,0.6697
452,925696,97.76,14.50,0.0075,6947.6992,0.6730
453,927744,113.95,15.44,0.0136,6176.2568,0.6678
454,929792,91.02,13.93,0.0150,6554.1737,0.7354
455,931840,86.98,13.83,0.0201,5426.1985,0.7562
456,933888,106.91,14.92,0.0245,6086.2015,0.6420
457,935936,101.72,14.71,0.0384,6048.5092,0.7012
458,937984,96.29,14.44,0.0253,7275.5569,0.7195
459,940032,107.72,15.06,0.0245,7825.7906,0.5831
460,942080,105.62,15.06,0.0162,6199.5459,0.6202
461,944128,91.89,14.36,0.0179,5722.1119,0.6016
462,946176,110.58,15.26,0.0152,6330.6932,0.6132
463,948224,104.11,14.68,0.0159,6604.3127,0.5675
464,950272,98.52,13.90,0.0089,6456.1652,0.5659
465,952320,84.55,13.71,0.0178,5395.8136,0.6195
466,954368,101.09,14.73,0.0124,5930.7228,0.5785
467,956416,100.46,14.43,0.0107,6018.9925,0.5397
468,958464,94.77,14.47,0.0145,6198.8745,0.5301
469,960512,110.81,15.42,0.0175,6242.2057,0.5078
470,962560,99.43,14.23,0.0138,6609.5244,0.5126
471,964608,102.78,14.59,0.0177,6099.9507,0.5363
472,966656,91.66,14.08,0.0166,4676.9515,0.5818
473,968704,92.46,13.96,0.0218,5016.6776,0.6466
474,970752,98.67,14.29,0.0162,6879.6237,0.7240
475,972800,104.91,14.65,0.0111,6334.9271,0.6630
476,974848,99.59,14.28,0.0159,6286.7176,0.6532
477,976896,105.15,14.79,0.0179,6540.2463,0.5859
478,978944,90.93,14.20,0.0119,5992.9100,0.6755
479,980992,106.00,14.67,0.0136,5888.2119,0.6483
480,983040,113.86,15.25,0.0156,7021.0728,0.5971
481,985088,95.21,14.21,0.0283,5929.1724,0.5999
482,987136,85.64,13.78,0.0337,6413.5469,0.5563
483,989184,89.05,13.65,0.0236,5697.7730,0.5594
484,991232,132.55,15.76,0.0201,12226.1218,0.5343
485,993280,94.54,14.22,0.0121,7477.0078,0.5806
486,995328,95.99,14.65,0.0149,6334.6667,0.6015
487,997376,98.11,14.68,0.0168,5241.9037,0.5873
488,999424,118.34,15.54,0.0108,6862.0509,0.6187
489,1001472,91.42,14.01,0.0132,6971.7116,0.6516
490,1003520,95.99,14.54,0.0159,7206.5631,0.6139
491,1005568,103.84,14.45,0.0228,6666.2898,0.6076
492,1007616,86.73,13.62,0.0208,6418.6594,0.6596
493,1009664,108.13,14.79,0.0200,6823.6787,0.7004
494,1011712,109.06,15.31,0.0101,8166.0727,0.6761
495,1013760,95.98,13.92,0.0188,7200.2001,0.6919
496,1015808,106.38,15.10,0.0123,6814.1591,0.6675
497,1017856,104.04,14.34,0.0135,6112.9452,0.6966
498,1019904,106.36,15.19,0.0295,8588.1482,0.5960
499,1021952,107.03,15.03,0.0052,7109.4253,0.5889
500,1024000,108.48,15.16,0.0074,7070.9316,0.6193
501,1026048,103.91,14.79,0.0149,7082.2258,0.6361
502,1028096,100.72,14.73,0.0097,6127.7715,0.6404
503,1030144,100.21,14.47,0.0132,6323.7168,0.6582
504,1032192,98.52,14.59,0.0132,6220.1805,0.6782
505,1034240,106.45,14.72,0.0177,6261.9296,0.6787
506,1036288,95.31,14.50,0.0104,7640.9441,0.6914
507,1038336,104.77,15.04,0.0079,7381.0950,0.7224
508,1040384,96.11,14.10,0.0151,8153.8740,0.6993
509,1042432,97.20,14.50,0.0124,5947.9701,0.6998
510,1044480,109.74,15.11,0.0130,6173.7665,0.7180
511,1046528,92.52,14.05,0.0115,5308.4013,0.8004
512,1048576,114.51,15.09,0.0229,6479.4135,0.7357
513,1050624,111.36,15.04,0.0148,6744.3572,0.7111
514,1052672,92.32,14.18,0.0252,5503.9378,0.7768
515,1054720,93.36,14.07,0.0141,7045.2025,0.8581
516,1056768,97.57,14.29,0.0209,6635.4570,0.8198
517,1058816,99.02,14.44,0.0134,7463.9034,0.7931
518,1060864,84.89,13.45,0.0178,7329.9348,0.8172
519,1062912,95.39,14.30,0.0272,7024.1882,0.8176
520,1064960,95.78,14.30,0.0128,6042.7796,0.7958
521,1067008,90.24,13.74,0.0118,6499.2073,0.7713
522,1069056,95.13,14.36,0.0152,5222.4067,0.7935
523,1071104,92.04,13.84,0.0219,5427.0705,0.7991
524,1073152,100.39,14.66,0.0190,5461.7185,0.7810
525,1075200,91.12,13.87,0.0230,5369.5242,0.7907
526,1077248,97.19,14.21,0.0162,5578.3308,0.7264
527,1079296,106.27,14.61,0.0153,7861.7521,0.7324
528,1081344,100.47,14.61,0.0260,6499.3545,0.7316
529,1083392,99.94,14.31,0.0165,7529.0868,0.6645
530,1085440,96.26,14.04,0.0105,8320.8683,0.6311
531,1087488,103.77,14.37,0.0134,8226.0266,0.6530
532,1089536,98.59,14.29,0.0093,9030.6489,0.6629
533,1091584,85.97,13.41,0.0090,6316.4762,0.7679
534,1093632,108.28,14.81,0.0103,6514.7493,0.7405
535,1095680,97.55,14.42,0.0096,5685.6136,0.7869
536,1097728,100.71,14.47,0.0125,5286.0776,0.8132
537,1099776,107.27,14.70,0.0077,6389.1563,0.7874
538,1101824,86.77,13.39,0.0132,5811.2269,0.8848
539,1103872,94.15,14.26,0.0145,5760.9360,0.8434
540,1105920,106.53,14.75,0.0121,6436.3343,0.7905
541,1107968,104.31,14.66,0.0136,6349.1381,0.8387
542,1110016,106.86,14.65,0.0244,7261.2236,0.7464
543,1112064,108.49,14.75,0.0178,7572.0601,0.7370
544,1114112,97.59,14.34,0.0494,7226.8752,0.7284
545,1116160,95.34,14.30,0.0263,6296.6326,0.7100
546,1118208,119.11,15.05,0.0128,9450.2071,0.6771
547,1120256,101.31,14.65,0.0157,8288.9103,0.6835
548,1122304,115.15,15.41,0.0171,7487.1433,0.6263
549,1124352,104.16,14.43,0.0159,7823.5190,0.6211
550,1126400,105.07,14.78,0.0238,7142.7149,0.5889
551,1128448,104.40,14.80,0.0210,7802.3194,0.5516
552,1130496,104.77,14.77,0.0190,6715.6085,0.5896
553,1132544,106.93,14.92,0.0108,7912.4406,0.5644
554,1134592,102.80,14.51,0.0202,6601.5071,0.5333
555,1136640,110.12,14.89,0.0097,7825.3085,0.5215
556,1138688,105.50,14.86,0.0099,8535.0792,0.5552
557,1140736,102.13,14.41,0.0125,7904.3537,0.5628
558,1142784,99.41,14.49,0.0104,6662.5814,0.6003
559,1144832,108.84,15.25,0.0218,6450.8268,0.5530
560,1146880,96.08,14.44,0.0164,6076.7963,0.6155
561,1148928,97.78,14.48,0.0095,6996.2622,0.5928
562,1150976,104.89,14.62,0.0133,7002.3331,0.6205
563,1153024,112.77,15.05,0.0039,9307.4438,0.6212
564,1155072,108.31,15.08,0.0177,7832.1209,0.6184
565,1157120,101.49,14.63,0.0072,7878.4330,0.6339
566,1159168,101.18,14.75,0.0069,6662.5600,0.6189
567,1161216,117.07,15.45,0.0044,7532.8311,0.6489
568,1163264,109.94,15.13,0.0164,7485.9845,0.6926
569,1165312,103.49,14.39,0.0088,7612.0629,0.6831
570,1167360,101.18,14.53,0.0206,6513.3046,0.6493
571,1169408,96.72,14.41,0.0193,6430.7668,0.6454
572,1171456,91.68,14.02,0.0338,5831.0050,0.5776
573,1173504,106.58,14.42,0.0595,8281.6732,0.4223
574,1175552,100.20,14.24,0.0167,7631.0884,0.4551
575,1177600,89.57,14.08,0.0177,7139.6744,0.4256
576,1179648,96.37,14.00,0.0203,8180.4551,0.4070
577,1181696,92.07,14.05,0.0161,6335.1014,0.4608
578,1183744,97.16,14.29,0.0167,6609.3551,0.5303
579,1185792,95.32,13.84,0.0135,6544.1385,0.5487
580,1187840,108.28,14.70,0.0152,6685.2486,0.4781
581,1189888,105.85,14.77,0.0169,7100.0588,0.4811
582,1191936,84.86,13.62,0.0247,5122.3871,0.5439
583,1193984,97.79,14.31,0.0170,5637.7311,0.5877
584,1196032,101.81,14.59,0.0068,5814.9269,0.5752
585,1198080,90.36,14.12,0.0092,6990.7086,0.5995
586,1200128,103.12,14.76,0.0242,6045.0386,0.5626
587,1202176,111.93,15.05,0.0175,6753.0658,0.5931
588,1204224,98.56,14.66,0.0144,7157.9168,0.5912
589,1206272,100.41,14.76,0.0094,6167.3680,0.5689
590,1208320,100.51,14.62,0.0149,6561.4614,0.4899
591,1210368,102.34,14.78,0.0178,7297.7032,0.4746
592,1212416,103.15,14.80,0.0088,8938.2030,0.4564
593,1214464,97.22,13.95,0.0104,6367.1602,0.4893
594,1216512,89.23,13.89,0.0175,6324.1939,0.5344
595,1218560,100.64,14.38,0.0099,7970.7973,0.5018
596,1220608,97.55,14.23,0.0140,6898.4671,0.5208
597,1222656,92.63,13.93,0.0233,5212.3417,0.5177
598,1224704,96.65,14.32,0.0081,5104.6773,0.5579
599,1226752,96.05,14.48,0.0095,5165.5233,0.5868
600,1228800,101.89,14.44,0.0120,5515.5145,0.5498
601,1230848,107.16,14.48,0.0044,7242.4095,0.4910
602,1232896,91.04,14.36,0.0281,5152.2802,0.5166
603,1234944,90.40,14.40,0.0158,5426.9751,0.5788
604,1236992,90.74,13.87,0.0173,4981.6989,0.5852
605,1239040,94.38,14.10,0.0216,5321.2694,0.5218
606,1241088,94.70,14.46,0.0096,4357.1989,0.5734
607,1243136,96.21,13.90,0.0198,5823.0167,0.5454
608,1245184,93.80,14.54,0.0137,4944.2234,0.6117
609,1247232,90.82,13.75,0.0209,4431.6540,0.6052
610,1249280,108.57,15.33,0.0255,6300.9110,0.5800
611,1251328,104.80,15.13,0.0045,6929.0711,0.5848
612,1253376,105.34,14.61,0.0146,5987.8508,0.5850
613,1255424,86.96,13.76,0.0027,5078.4881,0.6476
614,1257472,106.08,15.04,0.0149,6784.7371,0.6072
615,1259520,118.62,15.67,0.0180,8202.4038,0.6232
616,1261568,98.21,14.56,0.0186,6820.1671,0.6757
617,1263616,101.04,14.90,0.0171,5748.8883,0.6853
618,1265664,108.31,14.62,0.0080,7889.2321,0.6893
619,1267712,104.40,14.45,0.0151,6513.3252,0.6982
620,1269760,81.39,13.59,0.0214,4956.2372,0.7082
621,1271808,109.68,15.12,0.0255,6189.8745,0.5707
622,1273856,100.29,14.79,0.0082,5606.2155,0.6142
623,1275904,97.37,14.67,0.0178,5040.8472,0.6129
624,1277952,101.90,14.81,0.0111,5641.9036,0.6050
625,1280000,95.46,14.66,0.0051,6226.0479,0.6221
626,1282048,108.65,15.17,0.0158,8198.7433,0.5671
627,1284096,98.75,14.40,0.0050,7040.3463,0.6341
628,1286144,106.98,14.68,0.0055,6213.7301,0.6183
629,1288192,89.54,13.94,0.0065,6598.4670,0.6712
630,1290240,99.03,14.28,0.0129,7484.2603,0.7020
631,1292288,101.93,14.71,0.0160,6846.6891,0.6599
632,1294336,94.67,14.12,0.0318,6694.9642,0.6678
633,1296384,102.06,14.46,0.0123,6828.2098,0.7207
634,1298432,92.98,13.88,0.0107,7737.2386,0.6968
635,1300480,101.12,15.02,0.0185,6326.8234,0.6132
636,1302528,87.69,13.85,0.0254,6888.0166,0.6245
637,1304576,98.60,14.24,0.0189,6602.5565,0.5816
638,1306624,101.55,14.61,0.0235,8342.7814,0.6154
639,1308672,96.84,14.52,0.0289,7726.9665,0.5397
640,1310720,100.55,14.57,0.0391,6458.4206,0.5288
641,1312768,95.02,14.18,0.0249,5621.6941,0.4455
642,1314816,91.57,13.89,0.0300,5845.8990,0.4246
643,1316864,95.93,14.07,0.0165,5957.6050,0.4550
644,1318912,102.74,14.12,0.0235,6743.8059,0.5021
645,1320960,94.33,14.06,0.0167,5357.9966,0.5568
646,1323008,103.33,14.65,0.0159,5992.8088,0.5424
647,1325056,103.21,14.72,0.0167,5754.5660,0.5817
648,1327104,84.41,13.56,0.0157,5493.6030,0.5560
649,1329152,96.52,14.53,0.0106,5591.1685,0.5502
650,1331200,95.46,14.54,0.0094,5778.3742,0.5902
651,1333248,90.47,14.04,0.0149,5113.6032,0.6061
652,1335296,97.70,14.12,0.0117,5868.7593,0.5777
653,1337344,105.92,15.17,0.0070,6206.1841,0.5547
654,1339392,103.43,14.51,0.0117,8535.4155,0.6279
655,1341440,96.20,14.54,0.0252,6364.5598,0.6528
656,1343488,108.84,15.24,0.0220,5997.6377,0.5922
657,1345536,97.75,14.91,0.0016,8642.9706,0.6057
658,1347584,114.91,15.28,0.0123,8613.0450,0.5792
659,1349632,102.46,14.95,0.0050,7784.5925,0.5737
660,1351680,99.82,14.49,0.0182,7451.1102,0.5591
661,1353728,104.55,15.11,0.0059,5647.1241,0.5652
662,1355776,105.51,14.93,0.0105,6759.5208,0.5940
663,1357824,102.92,14.83,0.0095,6332.1159,0.6339
664,1359872,106.67,14.68,0.0210,7360.1824,0.6097
665,1361920,87.31,14.04,0.0195,6112.7343,0.6479
666,1363968,92.40,14.11,0.0066,6598.6923,0.6628
667,1366016,116.83,15.13,0.0094,8373.7800,0.6547
668,1368064,100.39,14.17,0.0092,7360.4050,0.7147
669,1370112,100.46,14.78,0.0110,6116.1815,0.7483
670,1372160,125.48,15.87,0.0185,7969.2823,0.6604
671,1374208,101.34,14.70,0.0062,6998.7478,0.6504
672,1376256,102.25,14.65,0.0136,6233.5873,0.7043
673,1378304,113.15,15.39,0.0216,6339.9658,0.6721
674,1380352,108.81,15.20,0.0107,5766.1852,0.6786
675,1382400,108.32,15.03,0.0063,6418.3830,0.6987
676,1384448,102.08,14.72,0.0148,5733.0662,0.7367
677,1386496,119.77,15.98,0.0188,7602.2769,0.6758
678,1388544,109.79,15.28,0.0155,6481.4410,0.6760
679,1390592,123.64,15.51,0.0204,9265.8231,0.6186
680,1392640,99.83,14.66,0.0173,7339.6220,0.6665
681,1394688,110.01,15.34,0.0145,8057.9425,0.7003
682,1396736,94.54,14.31,0.0276,6945.5293,0.6711
683,1398784,113.72,15.22,0.0320,7617.6210,0.6598
684,1400832,109.21,15.68,0.0226,8554.6670,0.6214
685,1402880,105.73,14.86,0.0179,8750.7036,0.5797
686,1404928,102.63,14.72,0.0107,7107.2411,0.6194
687,1406976,106.19,15.26,0.0249,7137.2527,0.6279
688,1409024,90.58,14.20,0.0150,5468.0790,0.6345
689,1411072,102.39,14.72,0.0155,5927.4429,0.6834
690,1413120,99.73,14.88,0.0117,5778.9763,0.6933
691,1415168,107.16,15.30,0.0064,6669.8283,0.5774
692,1417216,110.75,15.02,0.0307,6965.3000,0.5158
693,1419264,100.72,14.61,0.0219,6960.2467,0.5104
694,1421312,102.47,14.67,0.0225,6998.2075,0.5341
695,1423360,96.11,14.72,0.0193,6002.7785,0.5472
696,1425408,92.17,14.26,0.0151,6176.0828,0.5900
697,1427456,102.45,14.85,0.0267,5702.0833,0.5836
698,1429504,111.44,15.41,0.0192,5750.1267,0.5577
699,1431552,100.26,14.87,0.0226,5765.9176,0.5401
700,1433600,97.80,14.55,0.0142,5803.8722,0.5423
701,1435648,105.68,14.87,0.0156,6722.0233,0.5158
702,1437696,101.69,14.56,0.0096,6599.1492,0.5143
703,1439744,90.91,14.06,0.0232,5610.6301,0.5304
704,1441792,96.95,14.42,0.0227,5850.7967,0.5486
705,1443840,107.98,15.24,0.0140,4683.4348,0.5281
706,1445888,112.58,15.33,0.0191,6791.8605,0.5460
707,1447936,91.02,13.93,0.0149,6086.3019,0.5784
708,1449984,105.11,15.13,0.0109,5833.4857,0.4820
709,1452032,121.57,16.05,0.0138,7530.0484,0.4888
710,1454080,101.40,14.88,0.0094,7345.1617,0.5042
711,1456128,123.05,15.79,0.0120,8526.3031,0.5328
712,1458176,106.00,14.29,0.0063,8287.3111,0.5227
713,1460224,108.82,15.14,0.0067,7846.1864,0.5145
714,1462272,96.10,14.35,0.0122,6794.4943,0.5058
715,1464320,103.50,15.01,0.0047,7344.6293,0.4950
716,1466368,105.74,14.97,0.0082,6319.2096,0.5157
717,1468416,101.58,14.72,0.0121,6748.8615,0.5171
718,1470464,107.77,15.19,0.0044,5857.2680,0.5232
719,1472512,106.96,14.71,0.0129,7533.8659,0.5167
720,1474560,96.52,14.41,0.0169,8176.2232,0.5763
721,1476608,109.42,15.04,0.0120,7350.9622,0.5319
722,1478656,118.00,15.59,0.0096,8308.0286,0.5676
723,1480704,112.25,15.42,0.0071,7910.6907,0.5807
724,1482752,120.34,15.43,0.0129,9446.6805,0.5695
725,1484800,102.14,14.68,0.0121,9257.9807,0.6030
726,1486848,101.97,15.05,0.0123,8295.1181,0.5352
727,1488896,111.46,15.54,0.0087,9663.6895,0.5127
728,1490944,108.73,15.20,0.0059,7493.6099,0.5195
729,1492992,102.64,14.91,0.0097,6940.3706,0.5410
730,1495040,99.66,14.32,0.0181,7196.1755,0.5273
731,1497088,101.15,15.00,0.0196,7609.0605,0.4993
732,1499136,92.54,14.25,0.0409,6595.1776,0.4537
733,1501184,111.72,15.81,0.0174,7576.2412,0.3425
734,1503232,98.96,15.15,0.0087,5981.0616,0.3603
735,1505280,121.37,15.68,0.0119,9259.5591,0.3348
736,1507328,110.83,15.86,0.0072,7625.5799,0.3112
737,1509376,122.26,15.92,0.0187,9062.0102,0.3055
738,1511424,110.18,15.05,0.0080,10078.9597,0.3455
739,1513472,111.57,15.06,0.0116,8909.8242,0.3509
740,1515520,104.84,14.91,0.0065,7878.7377,0.3671
741,1517568,110.91,15.06,0.0072,7197.2187,0.3711
742,1519616,101.63,14.53,0.0027,6384.0186,0.4608
743,1521664,114.55,15.76,0.0065,7218.7050,0.4141
744,1523712,103.04,14.69,0.0085,7469.1993,0.4331
745,1525760,88.44,14.04,0.0080,6017.6555,0.4623
746,1527808,106.18,14.91,0.0096,5841.7192,0.4907
747,1529856,99.31,14.40,0.0092,5469.7112,0.5210
748,1531904,96.00,14.35,0.0119,5643.6093,0.5709
749,1533952,106.67,14.72,0.0160,7102.8817,0.5586
750,1536000,98.85,14.73,0.0259,5442.8930,0.5385
751,1538048,99.45,14.89,0.0357,6442.1737,0.4845
752,1540096,101.04,14.72,0.0129,8519.0702,0.4573
753,1542144,93.54,14.26,0.0235,6646.6198,0.5076
754,1544192,100.08,14.71,0.0125,6692.8621,0.5060
755,1546240,89.47,14.30,0.0182,5770.6193,0.4944
756,1548288,100.25,14.57,0.0132,5881.2122,0.5164
757,1550336,110.28,15.28,0.0107,6844.1716,0.5001
758,1552384,97.48,14.73,0.0115,6125.7494,0.5170
759,1554432,101.52,14.72,0.0213,6882.0478,0.4742
760,1556480,97.73,14.90,0.0323,5435.0550,0.5040
761,1558528,100.96,14.37,0.0094,5731.1804,0.4781
762,1560576,107.75,14.76,0.0216,6090.7970,0.4200
763,1562624,103.13,15.06,0.0124,6477.4121,0.4711
764,1564672,109.12,14.75,0.0134,7628.8910,0.4708
765,1566720,101.85,14.46,0.0042,6858.4247,0.4917
766,1568768,116.40,15.05,0.0111,11259.4461,0.4434
767,1570816,99.32,15.31,0.0143,7953.2137,0.4409
768,1572864,117.05,15.65,0.0210,8183.2833,0.3545
769,1574912,98.58,14.39,0.0271,6253.3667,0.3580
770,1576960,99.52,14.44,0.0190,5352.8656,0.3703
771,1579008,101.64,14.53,0.0168,7064.5149,0.4272
772,1581056,110.32,15.36,0.0068,7448.8593,0.4169
773,1583104,95.45,14.52,0.0012,6028.7957,0.4484
774,1585152,93.27,14.29,0.0164,5901.3773,0.4550
775,1587200,89.78,13.55,0.0198,6135.3132,0.4838
776,1589248,96.90,13.87,0.0071,7053.5394,0.4367
777,1591296,115.08,15.71,0.0096,8519.7019,0.3506
778,1593344,88.67,13.91,0.0097,6760.5410,0.4346
779,1595392,96.93,14.33,0.0101,6701.7662,0.4178
780,1597440,91.02,14.04,0.0092,6289.8318,0.4137
781,1599488,117.49,15.25,0.0096,8932.0551,0.3955
782,1601536,116.26,15.50,0.0050,8715.2140,0.3873
783,1603584,91.85,14.02,0.0087,7747.4085,0.3980
784,1605632,95.03,14.53,0.0023,6688.7625,0.3721
785,1607680,103.75,14.98,0.0033,5656.0547,0.3901
786,1609728,97.33,14.55,0.0056,5897.5275,0.4079
787,1611776,93.93,14.23,0.0064,5533.6311,0.3854
788,1613824,107.08,14.77,0.0050,5819.0244,0.3699
789,1615872,96.44,14.35,0.0307,5803.0165,0.3420
790,1617920,100.21,14.92,0.0211,5927.5949,0.3680
791,1619968,108.71,15.12,0.0065,6138.8946,0.3450
792,1622016,102.45,14.81,0.0089,6171.5551,0.3618
793,1624064,96.51,14.42,0.0158,6315.8998,0.3448
794,1626112,104.58,14.83,0.0117,5527.6830,0.3368
795,1628160,98.33,14.39,0.0161,6578.1695,0.3693
796,1630208,100.18,14.72,0.0109,6933.4825,0.3434
797,1632256,96.23,14.52,0.0163,5929.7874,0.3756
798,1634304,96.60,14.29,0.0109,6075.0768,0.3828
799,1636352,101.91,15.01,0.0174,6532.0217,0.3451
800,1638400,108.85,14.97,0.0085,7734.6926,0.3345
801,1640448,102.04,14.58,0.0083,6564.8838,0.3166
802,1642496,102.55,14.64,0.0066,7650.7146,0.3492
803,1644544,89.65,14.16,0.0141,5787.0156,0.4001
804,1646592,104.51,15.15,0.0062,6570.2087,0.3746
805,1648640,92.09,14.34,0.0094,5711.9858,0.3693
806,1650688,116.58,15.24,0.0076,9165.9504,0.3186
807,1652736,96.85,14.45,0.0155,6069.6613,0.3645
808,1654784,105.45,14.41,0.0045,10354.7424,0.3621
809,1656832,132.66,15.99,0.0044,9989.1950,0.3112
810,1658880,107.89,14.66,0.0130,8135.9567,0.3346
811,1660928,115.99,15.60,0.0087,8024.1144,0.2837
812,1662976,95.34,14.61,0.0282,7341.7204,0.3126
813,1665024,102.99,14.76,0.0123,7852.3065,0.3081
814,1667072,102.27,14.67,0.0057,8162.4874,0.3417
815,1669120,108.03,15.07,0.0358,8494.4754,0.3549
816,1671168,94.28,14.33,0.0104,6870.3126,0.3755
817,1673216,83.70,13.70,0.0084,6361.1815,0.3956
818,1675264,90.58,13.70,0.0226,6490.3391,0.4088
819,1677312,102.80,14.44,0.0139,8638.2266,0.4451
820,1679360,102.29,14.52,0.0049,6785.6177,0.3882
821,1681408,97.52,14.52,0.0179,5960.3087,0.3994
822,1683456,101.23,14.42,0.0113,7286.4649,0.3701
823,1685504,98.39,14.33,0.0054,7118.6807,0.3659
824,1687552,98.70,14.37,0.0105,8700.4897,0.3774
825,1689600,105.43,14.76,0.0044,6585.4264,0.4104
826,1691648,98.62,14.70,0.0102,6991.5292,0.4143
827,1693696,99.90,14.81,0.0177,5638.6055,0.4136
828,1695744,92.13,14.07,0.0089,6057.7502,0.4794
829,1697792,84.49,13.58,0.0077,4748.8106,0.5345
830,1699840,96.31,14.47,0.0188,6437.1201,0.4512
831,1701888,100.25,14.58,0.0114,6896.8280,0.4327
832,1703936,101.24,14.51,0.0194,6632.9563,0.4232
833,1705984,95.00,14.32,0.0037,7425.4576,0.4847
834,1708032,105.53,14.75,0.0052,6148.7105,0.4428
835,1710080,110.51,14.97,0.0148,7582.4483,0.4092
836,1712128,103.28,14.89,0.0189,6608.8483,0.4101
837,1714176,105.36,14.58,0.0157,7069.3581,0.4478
838,1716224,100.48,14.43,0.0107,8341.5274,0.5006
839,1718272,91.27,14.08,0.0069,7208.9825,0.4919
840,1720320,89.29,14.17,0.0088,5398.4193,0.4784
841,1722368,101.13,14.62,0.0147,6047.7414,0.5001
842,1724416,95.72,14.06,0.0209,6570.8730,0.4916
843,1726464,97.79,14.59,0.0173,5859.0556,0.4962
844,1728512,90.18,14.14,0.0281,5785.5537,0.4655
845,1730560,104.54,14.39,0.0340,5839.9763,0.3511
846,1732608,101.42,14.42,0.0186,7044.8163,0.3558
847,1734656,97.51,14.01,0.0216,6686.2037,0.3696
848,1736704,103.90,14.78,0.0157,6529.3400,0.4180
849,1738752,101.68,14.69,0.0069,6191.1810,0.4652
850,1740800,119.10,15.69,0.0343,6529.4440,0.4027
851,1742848,112.14,15.22,0.0134,7711.5053,0.3642
852,1744896,110.66,15.24,0.0087,7133.7543,0.3577
853,1746944,95.37,14.42,0.0136,5847.9983,0.3577
854,1748992,107.55,15.22,0.0104,6505.6101,0.3250
855,1751040,106.16,14.85,0.0076,6296.3282,0.3489
856,1753088,96.90,14.42,0.0081,5844.0272,0.3491
857,1755136,95.58,14.43,0.0151,5672.3486,0.3456
858,1757184,122.01,16.18,0.0238,6154.6026,0.3143
859,1759232,104.43,15.39,0.0129,6702.5900,0.3616
860,1761280,106.19,15.19,0.0102,6958.2474,0.3711
861,1763328,109.95,15.04,0.0089,7705.9781,0.3802
862,1765376,100.70,14.46,0.0058,7022.1822,0.4057
863,1767424,118.21,15.41,0.0140,8480.4540,0.3942
864,1769472,103.08,14.94,0.0086,7284.0279,0.3697
865,1771520,108.19,14.92,0.0074,6955.6934,0.3710
866,1773568,117.53,15.65,0.0096,7299.7181,0.3940
867,1775616,115.85,15.09,0.0064,10452.7729,0.3891
868,1777664,103.18,14.99,0.0114,8544.0060,0.4223
869,1779712,113.44,15.46,0.0097,7281.8223,0.4128
870,1781760,112.55,15.68,0.0150,6346.1581,0.3970
871,1783808,100.95,14.82,0.0078,6514.2345,0.4215
872,1785856,103.18,14.82,0.0147,6955.7953,0.4219
873,1787904,120.24,16.16,0.0062,7854.0996,0.4228
874,1789952,117.01,16.04,0.0085,6601.4741,0.4149
875,1792000,105.06,14.99,0.0094,8388.2704,0.4156
876,1794048,99.98,14.47,0.0080,6231.2189,0.4267
877,1796096,100.98,15.03,0.0108,6406.1533,0.3991
878,1798144,105.25,15.16,0.0161,6607.2102,0.4061
879,1800192,102.04,14.24,0.0199,6944.3958,0.4212
880,1802240,95.33,14.70,0.0115,6246.8727,0.4418
881,1804288,103.83,14.80,0.0212,6586.4428,0.4555
882,1806336,103.04,14.56,0.0105,7196.2564,0.4394
883,1808384,105.00,15.15,0.0102,5901.0116,0.4508
884,1810432,87.30,13.69,0.0150,4712.1824,0.4494
885,1812480,111.15,15.36,0.0118,5725.1565,0.3859
886,1814528,96.15,14.83,0.0117,5693.5536,0.4146
887,1816576,107.59,14.84,0.0110,6073.1021,0.3589
888,1818624,108.49,15.01,0.0054,5930.0361,0.3623
889,1820672,100.40,14.81,0.0106,6236.0539,0.3501
890,1822720,99.59,14.54,0.0076,6286.3795,0.3976
891,1824768,102.76,15.21,0.0077,5421.8139,0.4194
892,1826816,102.51,14.83,0.0138,5689.7200,0.3829
893,1828864,94.16,14.67,0.0116,5358.8246,0.3790
894,1830912,92.94,14.14,0.0121,5463.9504,0.3770
895,1832960,103.93,15.47,0.0059,5841.1322,0.4029
896,1835008,96.20,14.27,0.0115,6085.7778,0.4173
897,1837056,101.60,14.77,0.0092,6360.1958,0.3821
898,1839104,103.73,14.74,0.0071,6426.0074,0.3895
899,1841152,101.98,14.76,0.0048,6074.6481,0.4143
900,1843200,99.61,14.51,0.0056,5664.8819,0.4025
901,1845248,99.97,14.86,0.0061,5727.6173,0.3892
902,1847296,94.26,14.07,0.0089,5609.1531,0.3866
903,1849344,114.46,15.37,0.0100,6583.9231,0.3465
904,1851392,94.33,14.52,0.0028,6744.3784,0.3885
905,1853440,107.83,14.93,0.0123,7276.1203,0.3627
906,1855488,97.46,14.46,0.0052,6443.7409,0.4273
907,1857536,106.46,15.17,0.0243,6835.7596,0.3943
908,1859584,99.67,14.27,0.0157,6676.2017,0.4413
909,1861632,94.95,14.28,0.0145,6505.3566,0.4930
910,1863680,102.15,14.87,0.0118,5994.5615,0.4998
911,1865728,107.03,14.79,0.0071,6517.4950,0.4677
912,1867776,115.16,15.44,0.0145,7217.7694,0.4034
913,1869824,106.67,14.72,0.0082,6848.8622,0.3866
914,1871872,118.10,15.45,0.0139,7353.4375,0.3699
915,1873920,113.70,15.41,0.0095,6716.3103,0.4007
916,1875968,101.29,14.55,0.0109,7138.0905,0.4412
917,1878016,99.51,14.48,0.0169,7558.5319,0.4286
918,1880064,101.80,14.56,0.0130,7764.8097,0.4456
919,1882112,97.86,14.32,0.0041,7431.1297,0.4207
920,1884160,104.03,14.64,0.0079,7938.3397,0.4119
921,1886208,109.48,14.89,0.0046,7571.2944,0.4366
922,1888256,102.33,14.77,0.0133,6385.8320,0.4489
923,1890304,100.73,14.52,0.0122,5185.5323,0.4710
924,1892352,121.64,15.85,0.0112,7430.8438,0.4502
925,1894400,104.69,14.62,0.0082,6316.0138,0.4945
926,1896448,114.73,15.61,0.0077,8467.9634,0.4500
927,1898496,101.49,14.50,0.0127,8025.7373,0.4489
928,1900544,97.25,14.19,0.0123,7216.4259,0.4718
929,1902592,96.69,14.68,0.0166,5667.4292,0.4425
930,1904640,109.00,15.16,0.0220,6979.9531,0.3947
931,1906688,123.56,16.06,0.0025,7697.3057,0.3703
932,1908736,110.98,15.17,0.0167,8812.5919,0.3861
933,1910784,107.98,14.96,0.0085,7102.9899,0.3073
934,1912832,97.19,14.41,0.0033,7778.5993,0.3045
935,1914880,105.69,14.63,0.0090,7016.9565,0.3091
936,1916928,106.74,15.23,0.0092,6959.6131,0.3130
937,1918976,94.19,14.68,0.0141,6100.4650,0.2894
938,1921024,111.96,15.32,0.0095,8026.3454,0.2830
939,1923072,100.20,14.90,0.0094,6941.9685,0.2912
940,1925120,109.34,15.59,0.0210,7312.3504,0.2518
941,1927168,109.97,15.04,0.0094,9896.5423,0.2721
942,1929216,114.01,16.00,0.0126,6492.7087,0.2632
943,1931264,111.53,15.51,0.0431,6534.7136,0.2476
944,1933312,103.00,14.88,0.0293,6794.9990,0.2643
945,1935360,116.01,15.94,0.0268,6221.7393,0.2672
946,1937408,118.33,15.79,0.0088,8207.7960,0.2969
947,1939456,99.80,14.67,0.0227,6778.1105,0.3090
948,1941504,114.22,15.00,0.0074,6993.4896,0.3084
949,1943552,101.80,15.04,0.0186,6821.4829,0.2883
950,1945600,109.11,15.41,0.0045,7572.8945,0.2692
951,1947648,127.75,16.03,0.0095,7865.6723,0.2518
952,1949696,91.20,14.50,0.0109,6262.5744,0.2883
953,1951744,107.48,15.33,0.0105,6219.9012,0.2547
954,1953792,113.98,15.44,0.0122,6685.7775,0.2267
955,1955840,98.43,14.78,0.0122,6162.4439,0.2465
956,1957888,115.78,15.76,0.0065,8599.5092,0.2083
957,1959936,102.45,14.63,0.0151,6840.4693,0.2490
958,1961984,107.12,15.04,0.0050,7029.8697,0.2492
959,1964032,101.01,14.98,0.0139,5176.6282,0.2781
960,1966080,96.56,14.67,0.0080,5466.0701,0.2836
961,1968128,99.58,14.70,0.0041,5594.8832,0.2454
962,1970176,89.27,14.15,0.0061,5886.6276,0.2367
963,1972224,104.08,15.41,0.0033,5692.8979,0.2390
964,1974272,116.36,15.51,0.0035,7384.0806,0.2244
965,1976320,117.32,15.16,0.0104,8199.3552,0.2293
966,1978368,105.38,15.06,0.0139,6866.0701,0.2218
967,1980416,111.97,15.63,0.0115,7901.7923,0.2365
968,1982464,117.77,15.66,0.0076,8154.7285,0.2658
969,1984512,103.53,15.06,0.0082,8284.2319,0.2895
970,1986560,109.45,15.56,0.0061,8318.0309,0.2817
971,1988608,104.34,15.07,0.0042,7842.7753,0.3067
972,1990656,99.51,14.87,0.0108,6196.2393,0.3492
973,1992704,98.46,14.80,0.0147,5801.2290,0.3531
974,1994752,119.96,15.72,0.0306,7305.6997,0.3126
975,1996800,99.02,14.89,0.0153,6170.1176,0.3051
976,1998848,103.18,14.68,0.0073,7946.3274,0.2963
977,2000896,96.79,14.69,0.0051,7217.1918,0.3018
